Workbook

Sheet Sheet1
A1: カイト尾道 平成28年2月 | E1: 仁井 諭
A2: 日 | B2: 曜日 | C2: 送迎開始時間 | D2: 送迎終了時間 | E2: 送迎者
A3: 1 | B3: 月 | C3: 0.375 | D3: 0.66666667
A4: 2 | B4: 火 | C4: 0.375 | D4: 0.66666667
A5: 3 | B5: 水 | C5: 0.375 | D5: 0.66666667
A6: 4 | B6: 木 | C6: 0.375 | D6: 0.66666667
A7: 5 | B7: 金 | C7: 0.375 | D7: 0.66666667
A8: 6 | B8: 土
A9: 7 | B9: 日
A10: 8 | B10: 月 | C10: 0.375 | D10: 0.66666667
A11: 9 | B11: 火 | C11: 0.375 | D11: 0.66666667
A12: 10 | B12: 水 | C12: 0.375 | D12: 0.66666667
A13: 11 | B13: 木
A14: 12 | B14: 金 | C14: 0.375 | D14: 0.66666667
A15: 13 | B15: 土 | C15: 0.375 | D15: 0.66666667
A16: 14 | B16: 日
A17: 15 | B17: 月 | C17: 0.375 | D17: 0.66666667
A18: 16 | B18: 火 | C18: 0.375 | D18: 0.66666667
A19: 17 | B19: 水 | C19: 0.375 | D19: 0.66666667
A20: 18 | B20: 木 | C20: 0.375 | D20: 0.66666667
A21: 19 | B21: 金 | C21: 0.375 | D21: 0.66666667
A22: 20 | B22: 土
A23: 21 | B23: 日
A24: 22 | B24: 月 | C24: 0.375 | D24: 0.66666667
A25: 23 | B25: 火 | C25: 0.375 | D25: 0.66666667
A26: 24 | B26: 水 | C26: 0.375 | D26: 0.66666667
A27: 25 | B27: 木 | C27: 0.375 | D27: 0.66666667
A28: 26 | B28: 金 | C28: 0.375 | D28: 0.66666667
A29: 27 | B29: 土
A30: 28 | B30: 日
A31: 29 | B31: 月 | C31: 0.375 | D31: 0.66666667
A32: 30 | B32: 火
A33: 31 | B33: 水

Sheet Sheet1 (2)
A1: =IF(Sheet1!A1="","",Sheet1!A1) -> カイト尾道 平成28年2月 | E1: 山内ノリコ
A2: 日 | B2: 曜日 | C2: 送迎開始時間 | D2: 送迎終了時間 | E2: 送迎者
A3: 1 | B3: =Sheet1!B3 -> 月 | C3: =IF(Sheet1!C3="","",Sheet1!C3) -> 0.375 | D3: =IF(Sheet1!D3="","",Sheet1!D3) -> 0.66666667
A4: 2 | B4: =Sheet1!B4 -> 火 | C4: =IF(Sheet1!C4="","",Sheet1!C4) -> 0.375 | D4: =IF(Sheet1!D4="","",Sheet1!D4) -> 0.66666667
A5: 3 | B5: =Sheet1!B5 -> 水 | C5: =IF(Sheet1!C5="","",Sheet1!C5) -> 0.375 | D5: =IF(Sheet1!D5="","",Sheet1!D5) -> 0.66666667
A6: 4 | B6: =Sheet1!B6 -> 木 | C6: =IF(Sheet1!C6="","",Sheet1!C6) -> 0.375 | D6: =IF(Sheet1!D6="","",Sheet1!D6) -> 0.66666667
A7: 5 | B7: =Sheet1!B7 -> 金 | C7: =IF(Sheet1!C7="","",Sheet1!C7) -> 0.375 | D7: =IF(Sheet1!D7="","",Sheet1!D7) -> 0.66666667
A8: 6 | B8: =Sheet1!B8 -> 土 | C8: =IF(Sheet1!C8="","",Sheet1!C8) | D8: =IF(Sheet1!D8="","",Sheet1!D8)
A9: 7 | B9: =Sheet1!B9 -> 日 | C9: =IF(Sheet1!C9="","",Sheet1!C9) | D9: =IF(Sheet1!D9="","",Sheet1!D9)
A10: 8 | B10: =Sheet1!B10 -> 月 | C10: =IF(Sheet1!C10="","",Sheet1!C10) -> 0.375 | D10: =IF(Sheet1!D10="","",Sheet1!D10) -> 0.66666667
A11: 9 | B11: =Sheet1!B11 -> 火 | C11: =IF(Sheet1!C11="","",Sheet1!C11) -> 0.375 | D11: =IF(Sheet1!D11="","",Sheet1!D11) -> 0.66666667
A12: 10 | B12: =Sheet1!B12 -> 水 | C12: =IF(Sheet1!C12="","",Sheet1!C12) -> 0.375 | D12: =IF(Sheet1!D12="","",Sheet1!D12) -> 0.66666667
A13: 11 | B13: =Sheet1!B13 -> 木 | C13: =IF(Sheet1!C13="","",Sheet1!C13) | D13: =IF(Sheet1!D13="","",Sheet1!D13)
A14: 12 | B14: =Sheet1!B14 -> 金 | C14: =IF(Sheet1!C14="","",Sheet1!C14) -> 0.375 | D14: =IF(Sheet1!D14="","",Sheet1!D14) -> 0.66666667
... A31: 29 | B31: =Sheet1!B31 -> 月 | C31: =IF(Sheet1!C31="","",Sheet1!C31) -> 0.375 | D31: =IF(Sheet1!D31="","",Sheet1!D31) -> 0.66666667

Sheet Sheet1 (3)
A1: =IF(Sheet1!A1="","",Sheet1!A1) -> カイト尾道 平成28年2月 | E1: 岡野千代子
A2: 日 | B2: 曜日 | C2: 送迎開始時間 | D2: 送迎終了時間 | E2: 送迎者
A3: 1 | B3: =Sheet1!B3 -> 月 | C3: =IF(Sheet1!C3="","",Sheet1!C3) -> 0.375 | D3: =IF(Sheet1!D3="","",Sheet1!D3) -> 0.66666667
A4: 2 | B4: =Sheet1!B4 -> 火 | C4: =IF(Sheet1!C4="","",Sheet1!C4) -> 0.375 | D4: =IF(Sheet1!D4="","",Sheet1!D4) -> 0.66666667
A5: 3 | B5: =Sheet1!B5 -> 水 | C5: =IF(Sheet1!C5="","",Sheet1!C5) -> 0.375 | D5: =IF(Sheet1!D5="","",Sheet1!D5) -> 0.66666667
A6: 4 | B6: =Sheet1!B6 -> 木 | C6: =IF(Sheet1!C6="","",Sheet1!C6) -> 0.375 | D6: =IF(Sheet1!D6="","",Sheet1!D6) -> 0.66666667
A7: 5 | B7: =Sheet1!B7 -> 金 | C7: =IF(Sheet1!C7="","",Sheet1!C7) -> 0.375 | D7: =IF(Sheet1!D7="","",Sheet1!D7) -> 0.66666667
A8: 6 | B8: =Sheet1!B8 -> 土 | C8: =IF(Sheet1!C8="","",Sheet1!C8) | D8: =IF(Sheet1!D8="","",Sheet1!D8)
A9: 7 | B9: =Sheet1!B9 -> 日 | C9: =IF(Sheet1!C9="","",Sheet1!C9) | D9: =IF(Sheet1!D9="","",Sheet1!D9)
A10: 8 | B10: =Sheet1!B10 -> 月 | C10: =IF(Sheet1!C10="","",Sheet1!C10) -> 0.375 | D10: =IF(Sheet1!D10="","",Sheet1!D10) -> 0.66666667
A11: 9 | B11: =Sheet1!B11 -> 火 | C11: =IF(Sheet1!C11="","",Sheet1!C11) -> 0.375 | D11: =IF(Sheet1!D11="","",Sheet1!D11) -> 0.66666667
A12: 10 | B12: =Sheet1!B12 -> 水 | C12: =IF(Sheet1!C12="","",Sheet1!C12) -> 0.375 | D12: =IF(Sheet1!D12="","",Sheet1!D12) -> 0.66666667
A13: 11 | B13: =Sheet1!B13 -> 木 | C13: =IF(Sheet1!C13="","",Sheet1!C13) | D13: =IF(Sheet1!D13="","",Sheet1!D13)
A14: 12 | B14: =Sheet1!B14 -> 金 | C14: =IF(Sheet1!C14="","",Sheet1!C14) -> 0.375 | D14: =IF(Sheet1!D14="","",Sheet1!D14) -> 0.66666667
... A31: 29 | B31: =Sheet1!B31 -> 月 | C31: =IF(Sheet1!C31="","",Sheet1!C31) -> 0.375 | D31: =IF(Sheet1!D31="","",Sheet1!D31) -> 0.66666667

Sheet Sheet1 (4)
A1: =IF(Sheet1!A1="","",Sheet1!A1) -> カイト尾道 平成28年2月 | E1: 三宅 文子
A2: 日 | B2: 曜日 | C2: 送迎開始時間 | D2: 送迎終了時間 | E2: 送迎者
A3: 1 | B3: =Sheet1!B3 -> 月 | C3: =IF(Sheet1!C3="","",Sheet1!C3) -> 0.375 | D3: =IF(Sheet1!D3="","",Sheet1!D3) -> 0.66666667
A4: 2 | B4: =Sheet1!B4 -> 火 | C4: =IF(Sheet1!C4="","",Sheet1!C4) -> 0.375 | D4: =IF(Sheet1!D4="","",Sheet1!D4) -> 0.66666667
A5: 3 | B5: =Sheet1!B5 -> 水 | C5: =IF(Sheet1!C5="","",Sheet1!C5) -> 0.375 | D5: =IF(Sheet1!D5="","",Sheet1!D5) -> 0.66666667
A6: 4 | B6: =Sheet1!B6 -> 木
A7: 5 | B7: =Sheet1!B7 -> 金 | C7: =IF(Sheet1!C7="","",Sheet1!C7) -> 0.375 | D7: =IF(Sheet1!D7="","",Sheet1!D7) -> 0.66666667
A8: 6 | B8: =Sheet1!B8 -> 土 | C8: =IF(Sheet1!C8="","",Sheet1!C8) | D8: =IF(Sheet1!D8="","",Sheet1!D8)
A9: 7 | B9: =Sheet1!B9 -> 日 | C9: =IF(Sheet1!C9="","",Sheet1!C9) | D9: =IF(Sheet1!D9="","",Sheet1!D9)
A10: 8 | B10: =Sheet1!B10 -> 月 | C10: =IF(Sheet1!C10="","",Sheet1!C10) -> 0.375 | D10: =IF(Sheet1!D10="","",Sheet1!D10) -> 0.66666667
A11: 9 | B11: =Sheet1!B11 -> 火 | C11: =IF(Sheet1!C11="","",Sheet1!C11) -> 0.375 | D11: =IF(Sheet1!D11="","",Sheet1!D11) -> 0.66666667
A12: 10 | B12: =Sheet1!B12 -> 水 | C12: =IF(Sheet1!C12="","",Sheet1!C12) -> 0.375 | D12: =IF(Sheet1!D12="","",Sheet1!D12) -> 0.66666667
A13: 11 | B13: =Sheet1!B13 -> 木 | C13: =IF(Sheet1!C13="","",Sheet1!C13) | D13: =IF(Sheet1!D13="","",Sheet1!D13)
A14: 12 | B14: =Sheet1!B14 -> 金 | C14: =IF(Sheet1!C14="","",Sheet1!C14) -> 0.375 | D14: =IF(Sheet1!D14="","",Sheet1!D14) -> 0.66666667
A15: 13 | B15: =Sheet1!B15 -> 土 | C15: =IF(Sheet1!C15="","",Sheet1!C15) -> 0.375 | D15: =IF(Sheet1!D15="","",Sheet1!D15) -> 0.66666667
A16: 14 | B16: =Sheet1!B16 -> 日 | C16: =IF(Sheet1!C16="","",Sheet1!C16) | D16: =IF(Sheet1!D16="","",Sheet1!D16)
A17: 15 | B17: =Sheet1!B17 -> 月 | C17: =IF(Sheet1!C17="","",Sheet1!C17) -> 0.375 | D17: =IF(Sheet1!D17="","",Sheet1!D17) -> 0.66666667
A18: 16 | B18: =Sheet1!B18 -> 火 | C18: =IF(Sheet1!C18="","",Sheet1!C18) -> 0.375 | D18: =IF(Sheet1!D18="","",Sheet1!D18) -> 0.66666667
A19: 17 | B19: =Sheet1!B19 -> 水 | C19: =IF(Sheet1!C19="","",Sheet1!C19) -> 0.375 | D19: =IF(Sheet1!D19="","",Sheet1!D19) -> 0.66666667
A20: 18 | B20: =Sheet1!B20 -> 木
A21: 19 | B21: =Sheet1!B21 -> 金 | C21: =IF(Sheet1!C21="","",Sheet1!C21) -> 0.375 | D21: =IF(Sheet1!D21="","",Sheet1!D21) -> 0.66666667
A22: 20 | B22: =Sheet1!B22 -> 土 | C22: =IF(Sheet1!C22="","",Sheet1!C22) | D22: =IF(Sheet1!D22="","",Sheet1!D22)
A23: 21 | B23: =Sheet1!B23 -> 日 | C23: =IF(Sheet1!C23="","",Sheet1!C23) | D23: =IF(Sheet1!D23="","",Sheet1!D23)
A24: 22 | B24: =Sheet1!B24 -> 月 | C24: =IF(Sheet1!C24="","",Sheet1!C24) -> 0.375 | D24: =IF(Sheet1!D24="","",Sheet1!D24) -> 0.66666667
A25: 23 | B25: =Sheet1!B25 -> 火 | C25: =IF(Sheet1!C25="","",Sheet1!C25) -> 0.375 | D25: =IF(Sheet1!D25="","",Sheet1!D25) -> 0.66666667
A26: 24 | B26: =Sheet1!B26 -> 水 | C26: =IF(Sheet1!C26="","",Sheet1!C26) -> 0.375 | D26: =IF(Sheet1!D26="","",Sheet1!D26) -> 0.66666667
A27: 25 | B27: =Sheet1!B27 -> 木 | C27: =IF(Sheet1!C27="","",Sheet1!C27) -> 0.375 | D27: 0.60416667
A28: 26 | B28: =Sheet1!B28 -> 金 | C28: =IF(Sheet1!C28="","",Sheet1!C28) -> 0.375 | D28: =IF(Sheet1!D28="","",Sheet1!D28) -> 0.66666667
A29: 27 | B29: =Sheet1!B29 -> 土 | C29: =IF(Sheet1!C29="","",Sheet1!C29) | D29: =IF(Sheet1!D29="","",Sheet1!D29)
A30: 28 | B30: =Sheet1!B30 -> 日 | C30: =IF(Sheet1!C30="","",Sheet1!C30) | D30: =IF(Sheet1!D30="","",Sheet1!D30)
A31: 29 | B31: =Sheet1!B31 -> 月

Sheet Sheet1 (5)
A1: =IF(Sheet1!A1="","",Sheet1!A1) -> カイト尾道 平成28年2月 | E1: 山内 雄司
A2: 日 | B2: 曜日 | C2: 送迎開始時間 | D2: 送迎終了時間 | E2: 送迎者
A3: 1 | B3: =Sheet1!B3 -> 月 | C3: =IF(Sheet1!C3="","",Sheet1!C3) -> 0.375 | D3: =IF(Sheet1!D3="","",Sheet1!D3) -> 0.66666667
A4: 2 | B4: =Sheet1!B4 -> 火 | C4: =IF(Sheet1!C4="","",Sheet1!C4) -> 0.375 | D4: =IF(Sheet1!D4="","",Sheet1!D4) -> 0.66666667
A5: 3 | B5: =Sheet1!B5 -> 水 | C5: =IF(Sheet1!C5="","",Sheet1!C5) -> 0.375 | D5: =IF(Sheet1!D5="","",Sheet1!D5) -> 0.66666667
A6: 4 | B6: =Sheet1!B6 -> 木 | C6: =IF(Sheet1!C6="","",Sheet1!C6) -> 0.375 | D6: =IF(Sheet1!D6="","",Sheet1!D6) -> 0.66666667
A7: 5 | B7: =Sheet1!B7 -> 金 | C7: =IF(Sheet1!C7="","",Sheet1!C7) -> 0.375 | D7: =IF(Sheet1!D7="","",Sheet1!D7) -> 0.66666667
A8: 6 | B8: =Sheet1!B8 -> 土 | C8: =IF(Sheet1!C8="","",Sheet1!C8) | D8: =IF(Sheet1!D8="","",Sheet1!D8)
A9: 7 | B9: =Sheet1!B9 -> 日 | C9: =IF(Sheet1!C9="","",Sheet1!C9) | D9: =IF(Sheet1!D9="","",Sheet1!D9)
A10: 8 | B10: =Sheet1!B10 -> 月 | C10: =IF(Sheet1!C10="","",Sheet1!C10) -> 0.375 | D10: =IF(Sheet1!D10="","",Sheet1!D10) -> 0.66666667
A11: 9 | B11: =Sheet1!B11 -> 火 | C11: =IF(Sheet1!C11="","",Sheet1!C11) -> 0.375 | D11: =IF(Sheet1!D11="","",Sheet1!D11) -> 0.66666667
A12: 10 | B12: =Sheet1!B12 -> 水 | C12: =IF(Sheet1!C12="","",Sheet1!C12) -> 0.375 | D12: =IF(Sheet1!D12="","",Sheet1!D12) -> 0.66666667
A13: 11 | B13: =Sheet1!B13 -> 木 | C13: =IF(Sheet1!C13="","",Sheet1!C13) | D13: =IF(Sheet1!D13="","",Sheet1!D13)
A14: 12 | B14: =Sheet1!B14 -> 金 | C14: =IF(Sheet1!C14="","",Sheet1!C14) -> 0.375 | D14: =IF(Sheet1!D14="","",Sheet1!D14) -> 0.66666667
... A31: 29 | B31: =Sheet1!B31 -> 月 | C31: =IF(Sheet1!C31="","",Sheet1!C31) -> 0.375 | D31: =IF(Sheet1!D31="","",Sheet1!D31) -> 0.66666667
