Workbook

Sheet H27.5前
B1: 平成27年度
A2: 5月分
D3: 就労継続Ｂ | I3: 就継初期 | L3: 欠席対応 | O3: 弁当代 | R3: 訪問支援特別加算 | U3: 就労外 | X3: 合計
B4: 利用者名 | D4: 5890 | E4: 日数 | I4: 300 | J4: 日数 | L4: 940 | M4: 日数 | O4: 350 | P4: 日数 | R4: 2800 | S4: 日数 | U4: 1000 | V4: 日数
B5: 山内 龍一 | D5: 5190 | E5: 17 | F5: =SUM(D5*E5) -> 88230 | I5: 300 | K5: =SUM(I5*J5) -> 0 | L5: 940 | M5: 4 | N5: =SUM(L5*M5) -> 3760 | R5: 2800 | T5: =SUM(R5*S6) -> 0 | U5: 1000 | W5: =SUM(V6*U5) -> 0
A6: 1 | C6: 福山 | G6: =E5*5840 -> 99280 | H6: =G6-F5 -> 11050 | O6: 290 | P6: 15 | Q6: =SUM(O6*P6) -> 4350 | X6: =SUM(F5+K5+N5+T5+W5) -> 91990
A7: 2 | B7: 山下 恵美子 | C7: 福山 | D7: 5190 | E7: 16 | F7: =SUM(D7*E7) -> 83040 | G7: =E7*5840 -> 93440 | H7: =G7-F7 -> 10400 | I7: 300 | K7: =SUM(I7*J7) -> 0 | L7: 940 | M7: 2 | N7: =SUM(L7*M7) -> 1880 | O7: 350 | P7: 17 | Q7: =SUM(O7*P7) -> 5950 | R7: 2800 | T7: =SUM(R7*S7) -> 0 | U7: 1000 | W7: =SUM(V7*U7) -> 0 | X7: =SUM(F7+K7+N7+T7+W7) -> 84920
A8: 3 | B8: 川上 智樹 | D8: 5840 | E8: 0 | F8: =SUM(D8*E8) -> 0 | G8: =E8*5840 -> 0 | H8: =G8-F8 -> 0 | I8: 300 | K8: =SUM(I8*J8) -> 0 | L8: 940 | N8: =SUM(L8*M8) -> 0 | O8: 350 | Q8: =SUM(O8*P8) -> 0 | R8: 2800 | T8: =SUM(R8*S8) -> 0 | U8: 1000 | W8: =SUM(V8*U8) -> 0 | X8: =SUM(F8+K8+N8+T8+W8) -> 0
A9: 4 | B9: 上松 正和 | C9: 今治 | D9: 5190 | E9: 22 | F9: =SUM(D9*E9) -> 114180 | G9: =E9*5840 -> 128480 | H9: =G9-F9 -> 14300 | I9: 300 | K9: =SUM(I9*J9) -> 0 | L9: 940 | N9: =SUM(L9*M9) -> 0 | O9: 350 | P9: 19 | Q9: =SUM(O9*P9) -> 6650 | R9: 2800 | T9: =SUM(R9*S9) -> 0 | U9: 1000 | W9: =SUM(V9*U9) -> 0 | X9: =SUM(F9+K9+N9+T9+W9) -> 114180
A10: 5 | B10: 上松 浩二 | C10: 今治 | D10: 5190 | E10: 22 | F10: =SUM(D10*E10) -> 114180 | G10: =E9*5840 -> 128480 | H10: =G10-F10 -> 14300 | I10: 300 | K10: =SUM(I10*J10) -> 0 | L10: 940 | N10: =SUM(L10*M10) -> 0 | O10: 350 | P10: 19 | Q10: =SUM(O10*P10) -> 6650 | R10: 2800 | T10: =SUM(R10*S10) -> 0 | U10: 1000 | W10: =SUM(V10*U10) -> 0 | X10: =SUM(F10+K10+N10+T10+W10) -> 114180
A11: 6 | B11: 若林 哲也 | D11: 5840 | E11: 16 | F11: =SUM(D11*E11) -> 93440 | G11: =E11*5840 -> 93440 | H11: =G11-F11 -> 0 | I11: 300 | K11: =SUM(I11*J11) -> 0 | L11: 940 | M11: 1 | N11: =SUM(L11*M11) -> 940 | O11: 350 | Q11: =SUM(O11*P11) -> 0 | R11: 2800 | T11: =SUM(R11*S11) -> 0 | U11: 1000 | W11: =SUM(V11*U11) -> 0 | X11: =SUM(F11+K11+N11+T11+W11) -> 94380
A12: 7 | B12: 柏木 憲太 | D12: 5840 | E12: 22 | F12: =SUM(D12*E12) -> 128480 | G12: =E11*5840 -> 93440 | H12: =G12-F11 -> 0 | I12: 300 | K12: =SUM(I12*J12) -> 0 | L12: 940 | N12: =SUM(L12*M12) -> 0 | O12: 350 | P12: 22 | Q12: =SUM(O12*P12) -> 7700 | R12: 2800 | T12: =SUM(R12*S12) -> 0 | U12: 1000 | W12: =SUM(V12*U12) -> 0 | X12: =SUM(F12+K12+N12+T12+W12) -> 128480
A13: 8 | B13: 大元 裕美子 | D13: 5840 | E13: 22 | F13: =SUM(D13*E13) -> 128480 | G13: =E13*5840 -> 128480 | H13: =G13-F13 -> 0 | I13: 300 | K13: =SUM(I13*J13) -> 0 | L13: 940 | N13: =SUM(L13*M13) -> 0 | O13: 350 | P13: 9 | Q13: =SUM(O13*P13) -> 3150 | R13: 2800 | T13: =SUM(R13*S13) -> 0 | U13: 1000 | W13: =SUM(V13*U13) -> 0 | X13: =SUM(F13+K13+N13+T13+W13) -> 128480
A14: 9 | B14: 葛籠 紗葵 | D14: 5840 | E14: 18 | F14: =SUM(D14*E14) -> 105120 | G14: =E14*5840 -> 105120 | H14: =G14-F14 -> 0 | I14: 300 | K14: =SUM(I14*J14) -> 0 | L14: 940 | M14: 4 | N14: =SUM(L14*M14) -> 3760 | O14: 350 | P14: 18 | Q14: =SUM(O14*P14) -> 6300 | R14: 2800 | T14: =SUM(R14*S14) -> 0 | U14: 1000 | W14: =SUM(V14*U14) -> 0 | X14: =SUM(F14+K14+N14+T14+W14) -> 108880
A15: 10 | B15: 倉谷 円 | D15: 5840 | E15: 6 | F15: =SUM(D15*E15) -> 35040 | G15: =E15*5840 -> 35040 | H15: =G15-F15 -> 0 | I15: 300 | K15: =SUM(I15*J15) -> 0 | L15: 940 | M15: 4 | N15: =SUM(L15*M15) -> 3760 | O15: 350 | P15: 10 | Q15: =SUM(O15*P15) -> 3500 | R15: 2800 | T15: =SUM(R15*S15) -> 0 | U15: 1000 | W15: =SUM(V15*U15) -> 0 | X15: =SUM(F15+K15+N15+T15+W15) -> 38800
A16: 11 | B16: 佐藤 皓喜 | D16: 5840 | E16: 0 | F16: =SUM(D16*E16) -> 0 | G16: =E16*5840 -> 0 | H16: =G16-F16 -> 0 | I16: 300 | K16: =SUM(I16*J16) -> 0 | L16: 940 | N16: =SUM(L16*M16) -> 0 | O16: 350 | Q16: =SUM(O16*P16) -> 0 | R16: 2800 | T16: =SUM(R16*S16) -> 0 | U16: 1000 | W16: =SUM(V16*U16) -> 0 | X16: =SUM(F16+K16+N16+T16+W16) -> 0
A17: 12 | B17: 岡田 直明 | D17: 5840 | E17: 9 | F17: =SUM(D17*E17) -> 52560 | G17: =E17*5840 -> 52560 | H17: =G17-F17 -> 0 | I17: 300 | K17: =SUM(I17*J17) -> 0 | L17: 940 | M17: 2 | N17: =SUM(L17*M17) -> 1880 | O17: 350 | Q17: =SUM(O17*P17) -> 0 | R17: 2800 | T17: =SUM(R17*S17) -> 0 | U17: 1000 | W17: =SUM(V17*U17) -> 0 | X17: =SUM(F17+K17+N17+T17+W17) -> 54440
A18: 13 | B18: 吉原 祐平 | C18: 福山 | D18: 5190 | E18: 13 | F18: =SUM(D18*E18) -> 67470 | G18: =E18*5840 -> 75920 | H18: =G18-F17 -> 23360 | I18: 300 | J18: 13 | K18: =SUM(I18*J18) -> 3900 | L18: 940 | M18: 3 | N18: =SUM(L18*M18) -> 2820 | O18: 350 | P18: 19 | Q18: =SUM(O18*P18) -> 6650 | R18: 2800 | T18: =SUM(R18*S18) -> 0 | U18: 1000 | W18: =SUM(V18*U18) -> 0 | X18: =SUM(F18+K18+N18+T18+W18) -> 74190
A19: 14 | B19: 4神田 幸弘 | D19: 5840 | E19: 3 | F19: =SUM(D19*E19) -> 17520 | G19: =E19*5840 -> 17520 | H19: =G19-F19 -> 0 | I19: 300 | J19: 3 | K19: =SUM(I19*J19) -> 900 | L19: 940 | N19: =SUM(L19*M19) -> 0 | O19: 350 | Q19: =SUM(O19*P19) -> 0 | R19: 2800 | T19: =SUM(R19*S19) -> 0 | U19: 1000 | W19: =SUM(V19*U19) -> 0 | X19: =SUM(F19+K19+N19+T19+W19) -> 18420
A20: 15 | B20: 4山内 龍一 | C20: 福山 | D20: 5190 | F20: =SUM(D20*E20) -> 0 | G20: =E20*5190 -> 0 | H20: =G20-F20 -> 0 | I20: 300 | K20: =SUM(I20*J20) -> 0 | L20: 940 | N20: =SUM(L20*M20) -> 0 | O20: 350 | Q20: =SUM(O20*P20) -> 0 | R20: 2800 | T20: =SUM(R20*S20) -> 0 | U20: 1000 | W20: =SUM(V20*U20) -> 0 | X20: =SUM(F20+K20+N20+T20+W20) -> 0
A21: 16 | B21: 3葛籠 紗葵 | D21: 5890 | E21: 7 | F21: =SUM(D21*E21) -> 41230 | G21: =E21*5890 -> 41230 | H21: =G21-F21 -> 0 | I21: 300 | J21: 7 | K21: =SUM(I21*J21) -> 2100 | L21: 940 | N21: =SUM(L21*M21) -> 0 | O21: 350 | Q21: =SUM(O21*P21) -> 0 | R21: 2800 | T21: =SUM(R21*S21) -> 0 | U21: 1000 | W21: =SUM(V21*U21) -> 0 | X21: =SUM(F21+K21+N21+T21+W21) -> 43330
A22: 17 | B22: 神田 幸弘 | D22: 5840 | E22: 20 | F22: =SUM(D22*E22) -> 116800 | G22: =E22*5840 -> 116800 | H22: =G22-F22 -> 0 | I22: 300 | J22: 15 | K22: =SUM(I22*J22) -> 4500 | L22: 940 | M22: 2 | N22: =SUM(L22*M22) -> 1880 | O22: 350 | P22: 19 | Q22: =SUM(O22*P22) -> 6650 | R22: 2800 | T22: =SUM(R22*S22) -> 0 | U22: 1000 | W22: =SUM(V22*U22) -> 0 | X22: =SUM(F22+K22+N22+T22+W22) -> 123180
A23: 18 | B23: 宇江 寿江 | D23: 5840 | E23: 12 | F23: =SUM(D23*E23) -> 70080 | G23: =E23*5840 -> 70080 | H23: =G23-F23 -> 0 | I23: 300 | J23: 12 | K23: =SUM(I23*J23) -> 3600 | L23: 940 | M23: 3 | N23: =SUM(L23*M23) -> 2820 | O23: 350 | Q23: =SUM(O23*P23) -> 0 | R23: 2800 | T23: =SUM(R23*S23) -> 0 | U23: 1000 | W23: =SUM(V23*U23) -> 0 | X23: =SUM(F23+K23+N23+T23+W23) -> 76500
A24: 19 | B24: 鹿室 泰洋 | C24: 福山 | D24: 5190 | E24: 4 | F24: =SUM(D24*E24) -> 20760 | G24: =E24*5840 -> 23360 | H24: =G24-F24 -> 2600 | I24: 300 | J24: 4 | K24: =SUM(I24*J24) -> 1200 | L24: 940 | M24: 2 | N24: =SUM(L24*M24) -> 1880 | O24: 350 | P24: 5 | Q24: =SUM(O24*P24) -> 1750 | R24: 2800 | T24: =SUM(R24*S24) -> 0 | U24: 1000 | W24: =SUM(V24*U24) -> 0 | X24: =SUM(F24+K24+N24+T24+W24) -> 23840
A25: 21 | B25: ○櫻武 隆一 | D25: 5840 | F25: =SUM(D25*E25) -> 0 | G25: =E25*5840 -> 0 | H25: =G25-F25 -> 0 | I25: 300 | K25: =SUM(I25*J25) -> 0 | L25: 940 | N25: =SUM(L25*M25) -> 0 | O25: 350 | P25: 21 | Q25: =SUM(O25*P25) -> 7350 | R25: 2800 | T25: =SUM(R25*S25) -> 0 | U25: 1000 | W25: =SUM(V25*U25) -> 0 | X25: =SUM(F25+K25+N25+T25+W25) -> 0
A26: 22 | D26: 5840 | F26: =SUM(D26*E26) -> 0 | G26: =E25*5890 -> 0 | H26: =G26-F25 -> 0 | I26: 300 | K26: =SUM(I26*J26) -> 0 | L26: 940 | N26: =SUM(L26*M26) -> 0 | O26: 350 | Q26: =SUM(O26*P26) -> 0 | R26: 2800 | T26: =SUM(R26*S26) -> 0 | U26: 1000 | W26: =SUM(V26*U26) -> 0 | X26: =SUM(F26+K26+N26+T26+W26) -> 0
F27: =SUM(F5:F25) -> 1276610 | H27: =SUM(H6:H26) -> 76010 | K27: =SUM(K5:K25) -> 16200 | N27: =SUM(N5:N25) -> 25380 | Q27: =SUM(Q5:Q25) -> 66650 | T27: =SUM(T5:T25) -> 0 | W27: =SUM(W5:W25) -> 0 | X27: =SUM(X6:X25) -> 1318190
B29: 弁当代
B30: 山内 雄司 | D30: 350 | E30: 1 | F30: =SUM(D30*E30) -> 350 | U30: =X27 -> 1318190
B31: 瀬戸 | D31: 350 | E31: 3 | F31: =SUM(D31*E31) -> 1050
B32: 柏木憲太 受給者証の更新の遅れがある為、来月５・６月で請求
B33: 葛籠紗葵 ３月請求が返戻になっていた為、今月請求。
B34: 山内龍一 4月再請求 | W34: 福山 | X34: =X6+X7+X18+X20+X24 -> 274940
W35: 今治市 | X35: =X9+X10 -> 228360

Sheet H27.6前
B1: 平成27年度
A2: 6月分
D3: 就労継続Ｂ | I3: 就継初期 | L3: 欠席対応 | O3: 弁当代 | R3: 送迎加算 | U3: 就労外 | X3: 合計
B4: 利用者名 | D4: 5890 | E4: 日数 | I4: 300 | J4: 日数 | L4: 940 | M4: 日数 | O4: 350 | P4: 日数 | R4: 270 | S4: 日数 | U4: 1000 | V4: 日数
B5: 山内 龍一 | D5: 5190 | E5: 11 | F5: =SUM(D5*E5) -> 57090 | I5: 300 | K5: =SUM(I5*J5) -> 0 | L5: 940 | M5: 4 | N5: =SUM(L5*M5) -> 3760 | R5: 270 | S5: 22 | T5: =SUM(R5*S5) -> 5940 | U5: 1000 | W5: =SUM(V6*U5) -> 0
A6: 1 | C6: 福山 | G6: =E5*5890 -> 64790 | H6: =G6-F5 -> 7700 | O6: 290 | P6: 10 | Q6: =SUM(O6*P6) -> 2900 | X6: =SUM(F5+K5+N5+T5+W5) -> 66790
A7: 2 | B7: 山下 恵美子 | C7: 福山 | D7: 5190 | E7: 19 | F7: =SUM(D7*E7) -> 98610 | G7: =E7*5890 -> 111910 | H7: =G7-F7 -> 13300 | I7: 300 | K7: =SUM(I7*J7) -> 0 | L7: 940 | M7: 3 | N7: =SUM(L7*M7) -> 2820 | O7: 350 | P7: 19 | Q7: =SUM(O7*P7) -> 6650 | R7: 270 | S7: 38 | T7: =SUM(R7*S7) -> 10260 | U7: 1000 | W7: =SUM(V7*U7) -> 0 | X7: =SUM(F7+K7+N7+T7+W7) -> 111690
A8: 3 | B8: 川上 智樹 | C8: 尾道 | D8: 5190 | E8: 6 | F8: =SUM(D8*E8) -> 31140 | G8: =E7*5890 -> 111910 | H8: =G8-F7 -> 13300 | I8: 300 | K8: =SUM(I8*J8) -> 0 | L8: 940 | N8: =SUM(L8*M8) -> 0 | O8: 350 | Q8: =SUM(O8*P8) -> 0 | R8: 270 | T8: =SUM(R8*S8) -> 0 | U8: 1000 | W8: =SUM(V8*U8) -> 0 | X8: =SUM(F8+K8+N8+T8+W8) -> 31140
A9: 4 | B9: 上松 正和 | C9: 今治 | D9: 5190 | E9: 22 | F9: =SUM(D9*E9) -> 114180 | G9: =E9*5890 -> 129580 | H9: =G9-F9 -> 15400 | I9: 300 | K9: =SUM(I9*J9) -> 0 | L9: 940 | N9: =SUM(L9*M9) -> 0 | O9: 350 | P9: 5 | Q9: =SUM(O9*P9) -> 1750 | R9: 270 | T9: =SUM(R9*S9) -> 0 | U9: 1000 | W9: =SUM(V9*U9) -> 0 | X9: =SUM(F9+K9+N9+T9+W9) -> 114180
A10: 5 | B10: 上松 浩二 | C10: 今治 | D10: 5190 | E10: 22 | F10: =SUM(D10*E10) -> 114180 | G10: =E9*5890 -> 129580 | H10: =G10-F9 -> 15400 | I10: 300 | K10: =SUM(I10*J10) -> 0 | L10: 940 | N10: =SUM(L10*M10) -> 0 | O10: 350 | P10: 5 | Q10: =SUM(O10*P10) -> 1750 | R10: 270 | T10: =SUM(R10*S10) -> 0 | U10: 1000 | W10: =SUM(V10*U10) -> 0 | X10: =SUM(F10+K10+N10+T10+W10) -> 114180
A11: 6 | B11: 若林 哲也 | C11: 尾道 | D11: 5190 | E11: 12 | F11: =SUM(D11*E11) -> 62280 | G11: =E11*5890 -> 70680 | H11: =G11-F11 -> 8400 | I11: 300 | K11: =SUM(I11*J11) -> 0 | L11: 940 | M11: 4 | N11: =SUM(L11*M11) -> 3760 | O11: 350 | Q11: =SUM(O11*P11) -> 0 | R11: 270 | S11: 24 | T11: =SUM(R11*S11) -> 6480 | U11: 1000 | W11: =SUM(V11*U11) -> 0 | X11: =SUM(F11+K11+N11+T11+W11) -> 72520
A12: 7 | B12: 柏木 憲太 | C12: 三原 | D12: 5190 | E12: 22 | F12: =SUM(D12*E12) -> 114180 | G12: =E11*5890 -> 70680 | H12: =G12-F11 -> 8400 | I12: 300 | K12: =SUM(I12*J12) -> 0 | L12: 940 | N12: =SUM(L12*M12) -> 0 | O12: 350 | P12: 22 | Q12: =SUM(O12*P12) -> 7700 | R12: 270 | S12: 44 | T12: =SUM(R12*S12) -> 11880 | U12: 1000 | W12: =SUM(V12*U12) -> 0 | X12: =SUM(F12+K12+N12+T12+W12) -> 126060
A13: 8 | B13: 大元 裕美子 | C13: 尾道 | D13: 5190 | E13: 21 | F13: =SUM(D13*E13) -> 108990 | G13: =E13*5890 -> 123690 | H13: =G13-F13 -> 14700 | I13: 300 | K13: =SUM(I13*J13) -> 0 | L13: 940 | M13: 1 | N13: =SUM(L13*M13) -> 940 | O13: 350 | P13: 8 | Q13: =SUM(O13*P13) -> 2800 | R13: 270 | S13: 42 | T13: =SUM(R13*S13) -> 11340 | U13: 1000 | W13: =SUM(V13*U13) -> 0 | X13: =SUM(F13+K13+N13+T13+W13) -> 121270
A14: 9 | B14: 葛籠 紗葵 | C14: 尾道 | D14: 5190 | E14: 19 | F14: =SUM(D14*E14) -> 98610 | G14: =E13*5890 -> 123690 | H14: =G14-F13 -> 14700 | I14: 300 | K14: =SUM(I14*J14) -> 0 | L14: 940 | M14: 3 | N14: =SUM(L14*M14) -> 2820 | O14: 350 | P14: 19 | Q14: =SUM(O14*P14) -> 6650 | R14: 270 | S14: 38 | T14: =SUM(R14*S14) -> 10260 | U14: 1000 | W14: =SUM(V14*U14) -> 0 | X14: =SUM(F14+K14+N14+T14+W14) -> 111690
A15: 10 | B15: 倉谷 円 | D15: 5190 | F15: =SUM(D15*E15) -> 0 | G15: =E15*5890 -> 0 | H15: =G15-F15 -> 0 | I15: 300 | K15: =SUM(I15*J15) -> 0 | L15: 940 | N15: =SUM(L15*M15) -> 0 | O15: 350 | Q15: =SUM(O15*P15) -> 0 | R15: 270 | T15: =SUM(R15*S15) -> 0 | U15: 1000 | W15: =SUM(V15*U15) -> 0 | X15: =SUM(F15+K15+N15+T15+W15) -> 0
A16: 11 | B16: 佐藤 皓喜 | D16: 5190 | F16: =SUM(D16*E16) -> 0 | G16: =E15*5890 -> 0 | H16: =G16-F15 -> 0 | I16: 300 | K16: =SUM(I16*J16) -> 0 | L16: 940 | N16: =SUM(L16*M16) -> 0 | O16: 350 | Q16: =SUM(O16*P16) -> 0 | R16: 270 | T16: =SUM(R16*S16) -> 0 | U16: 1000 | W16: =SUM(V16*U16) -> 0 | X16: =SUM(F16+K16+N16+T16+W16) -> 0
A17: 12 | B17: 岡田 直明 | C17: 尾道 | D17: 5190 | E17: 11 | F17: =SUM(D17*E17) -> 57090 | G17: =E17*5890 -> 64790 | H17: =G17-F17 -> 7700 | I17: 300 | K17: =SUM(I17*J17) -> 0 | L17: 940 | M17: 2 | N17: =SUM(L17*M17) -> 1880 | O17: 350 | Q17: =SUM(O17*P17) -> 0 | R17: 270 | T17: =SUM(R17*S17) -> 0 | U17: 1000 | W17: =SUM(V17*U17) -> 0 | X17: =SUM(F17+K17+N17+T17+W17) -> 58970
A18: 13 | B18: 吉原 祐平 | C18: 福山 | D18: 5190 | E18: 21 | F18: =SUM(D18*E18) -> 108990 | G18: =E17*5890 -> 64790 | H18: =G18-F17 -> 7700 | I18: 300 | J18: 8 | K18: =SUM(I18*J18) -> 2400 | L18: 940 | M18: 1 | N18: =SUM(L18*M18) -> 940 | O18: 350 | P18: 21 | Q18: =SUM(O18*P18) -> 7350 | R18: 270 | S18: 42 | T18: =SUM(R18*S18) -> 11340 | U18: 1000 | W18: =SUM(V18*U18) -> 0 | X18: =SUM(F18+K18+N18+T18+W18) -> 123670
A19: 14 | B19: 神田 幸弘 | C19: 尾道 | D19: 5190 | E19: 20 | F19: =SUM(D19*E19) -> 103800 | G19: =E19*5890 -> 117800 | H19: =G19-F19 -> 14000 | I19: 300 | K19: =SUM(I19*J19) -> 0 | L19: 940 | M19: 2 | N19: =SUM(L19*M19) -> 1880 | O19: 350 | P19: 7 | Q19: =SUM(O19*P19) -> 2450 | R19: 270 | S19: 40 | T19: =SUM(R19*S19) -> 10800 | U19: 1000 | W19: =SUM(V19*U19) -> 0 | X19: =SUM(F19+K19+N19+T19+W19) -> 116480
A20: 15 | B20: 宇江 寿江 | C20: 尾道 | D20: 5190 | E20: 17 | F20: =SUM(D20*E20) -> 88230 | G20: =E19*5890 -> 117800 | H20: =G20-F19 -> 14000 | I20: 300 | J20: 7 | K20: =SUM(I20*J20) -> 2100 | L20: 940 | M20: 4 | N20: =SUM(L20*M20) -> 3760 | O20: 350 | Q20: =SUM(O20*P20) -> 0 | R20: 270 | S20: 34 | T20: =SUM(R20*S20) -> 9180 | U20: 1000 | W20: =SUM(V20*U20) -> 0 | X20: =SUM(F20+K20+N20+T20+W20) -> 103270
A21: 16 | B21: 鹿室 泰洋 | C21: 福山 | D21: 5190 | E21: 6 | F21: =SUM(D21*E21) -> 31140 | G21: =E21*5890 -> 35340 | H21: =G21-F21 -> 4200 | I21: 300 | J21: 4 | K21: =SUM(I21*J21) -> 1200 | L21: 940 | M21: 4 | N21: =SUM(L21*M21) -> 3760 | O21: 350 | Q21: =SUM(O21*P21) -> 0 | R21: 270 | T21: =SUM(R21*S21) -> 0 | U21: 1000 | W21: =SUM(V21*U21) -> 0 | X21: =SUM(F21+K21+N21+T21+W21) -> 36100
A22: 17 | B22: 櫻武 隆一 | C22: 尾道 | D22: 5190 | E22: 15 | F22: =SUM(D22*E22) -> 77850 | G22: =E21*5890 -> 35340 | H22: =G22-F21 -> 4200 | I22: 300 | J22: 15 | K22: =SUM(I22*J22) -> 4500 | L22: 940 | N22: =SUM(L22*M22) -> 0 | O22: 350 | P22: 22 | Q22: =SUM(O22*P22) -> 7700 | R22: 270 | S22: 30 | T22: =SUM(R22*S22) -> 8100 | U22: 1000 | W22: =SUM(V22*U22) -> 0 | X22: =SUM(F22+K22+N22+T22+W22) -> 90450
A23: 18 | B23: 志並 智美 | C23: 尾道 | D23: 5190 | E23: 5 | F23: =SUM(D23*E23) -> 25950 | G23: =E23*5890 -> 29450 | H23: =G23-F23 -> 3500 | I23: 300 | J23: 5 | K23: =SUM(I23*J23) -> 1500 | L23: 940 | M23: 2 | N23: =SUM(L23*M23) -> 1880 | O23: 350 | Q23: =SUM(O23*P23) -> 0 | R23: 270 | S23: 10 | T23: =SUM(R23*S23) -> 2700 | U23: 1000 | W23: =SUM(V23*U23) -> 0 | X23: =SUM(F23+K23+N23+T23+W23) -> 32030
A24: 19 | B24: 吉岡 一夫 | C24: 世羅 | D24: 5190 | E24: 21 | F24: =SUM(D24*E24) -> 108990 | G24: =E23*5890 -> 29450 | H24: =G24-F23 -> 3500 | I24: 300 | J24: 21 | K24: =SUM(I24*J24) -> 6300 | L24: 940 | M24: 1 | N24: =SUM(L24*M24) -> 940 | O24: 350 | P24: 17 | Q24: =SUM(O24*P24) -> 5950 | R24: 270 | S24: 41 | T24: =SUM(R24*S24) -> 11070 | U24: 1000 | W24: =SUM(V24*U24) -> 0 | X24: =SUM(F24+K24+N24+T24+W24) -> 127300
A25: 21 | D25: 5190 | F25: =SUM(D25*E25) -> 0 | I25: 300 | K25: =SUM(I25*J25) -> 0 | L25: 940 | N25: =SUM(L25*M25) -> 0 | O25: 350 | Q25: =SUM(O25*P25) -> 0 | R25: 270 | T25: =SUM(R25*S25) -> 0 | U25: 1000 | W25: =SUM(V25*U25) -> 0 | X25: =SUM(F25+K25+N25+T25+W25) -> 0
A26: 22 | D26: 5190 | F26: =SUM(D26*E26) -> 0 | I26: 300 | K26: =SUM(I26*J26) -> 0 | L26: 940 | N26: =SUM(L26*M26) -> 0 | O26: 350 | Q26: =SUM(O26*P26) -> 0 | R26: 270 | T26: =SUM(R26*S26) -> 0 | U26: 1000 | W26: =SUM(V26*U26) -> 0 | X26: =SUM(F26+K26+N26+T26+W26) -> 0
F27: =SUM(F5:F25) -> 1401300 | H27: =SUM(H6:H26) -> 170100 | K27: =SUM(K5:K25) -> 18000 | N27: =SUM(N5:N25) -> 29140 | Q27: =SUM(Q5:Q25) -> 53650 | T27: =SUM(T5:T25) -> 109350 | W27: =SUM(W5:W25) -> 0 | X27: =SUM(X6:X25) -> 1557790
B29: 弁当代
U30: =X27 -> 1557790
B31: 瀬戸 | D31: 350 | E31: 1 | F31: =SUM(D31*E31) -> 350
W35: 福山市 | X35: =X6+X7+X18+X21 -> 338250
W36: 尾道市 | X36: =X8+X11+X13+X14+X17+X19+X20+X22+X23 -> 737820
W37: 世羅町 | X37: =X24 -> 127300
W38: 今治市 | X38: =X9+X10 -> 228360
W39: 三原市 | X39: =X12 -> 126060
X40: =SUBTOTAL(9,X35:X39) -> 1557790

Sheet H27.7前
B1: 平成27年度
A2: 7月分
D3: 就労継続Ｂ | I3: 就継初期 | L3: 欠席対応 | O3: 弁当代 | R3: 送迎加算 | U3: 就労外 | X3: 合計
B4: 利用者名 | D4: 5890 | E4: 日数 | I4: 300 | J4: 日数 | L4: 940 | M4: 日数 | O4: 350 | P4: 日数 | R4: 270 | S4: 日数 | U4: 1000 | V4: 日数
B5: 山内 龍一 | D5: 5190 | E5: 17 | F5: =SUM(D5*E5) -> 88230 | I5: 300 | K5: =SUM(I5*J5) -> 0 | L5: 940 | M5: 4 | N5: =SUM(L5*M5) -> 3760 | R5: 270 | S5: 34 | T5: =SUM(R5*S5) -> 9180 | U5: 1000 | W5: =SUM(V6*U5) -> 0
A6: 1 | C6: 福山 | G6: =E5*5890 -> 100130 | H6: =G6-F5 -> 11900 | O6: 290 | Q6: 5230 | X6: =SUM(F5+K5+N5+T5+W5) -> 101170
A7: 2 | B7: 山下 恵美子 | C7: 福山 | D7: 5190 | E7: 19 | F7: =SUM(D7*E7) -> 98610 | G7: =E7*5890 -> 111910 | H7: =G7-F7 -> 13300 | I7: 300 | K7: =SUM(I7*J7) -> 0 | L7: 940 | M7: 2 | N7: =SUM(L7*M7) -> 1880 | O7: 350 | P7: 19 | Q7: =SUM(O7*P7) -> 6650 | R7: 270 | S7: 38 | T7: =SUM(R7*S7) -> 10260 | U7: 1000 | W7: =SUM(V7*U7) -> 0 | X7: =SUM(F7+K7+N7+T7+W7) -> 110750
A8: 3 | B8: 川上 智樹 | C8: 尾道 | D8: 5190 | E8: 19 | F8: =SUM(D8*E8) -> 98610 | G8: =E7*5890 -> 111910 | H8: =G8-F7 -> 13300 | I8: 300 | K8: =SUM(I8*J8) -> 0 | L8: 940 | M8: 2 | N8: =SUM(L8*M8) -> 1880 | O8: 350 | Q8: =SUM(O8*P8) -> 0 | R8: 270 | T8: =SUM(R8*S8) -> 0 | U8: 1000 | W8: =SUM(V8*U8) -> 0 | X8: =SUM(F8+K8+N8+T8+W8) -> 100490
A9: 4 | B9: 上松 正和 | C9: 今治 | D9: 5190 | E9: 23 | F9: =SUM(D9*E9) -> 119370 | G9: =E9*5890 -> 135470 | H9: =G9-F9 -> 16100 | I9: 300 | K9: =SUM(I9*J9) -> 0 | L9: 940 | N9: =SUM(L9*M9) -> 0 | O9: 350 | Q9: =SUM(O9*P9) -> 0 | R9: 270 | T9: =SUM(R9*S9) -> 0 | U9: 1000 | W9: =SUM(V9*U9) -> 0 | X9: =SUM(F9+K9+N9+T9+W9) -> 119370
A10: 5 | B10: 上松 浩二 | C10: 今治 | D10: 5190 | E10: 23 | F10: =SUM(D10*E10) -> 119370 | G10: =E9*5890 -> 135470 | H10: =G10-F9 -> 16100 | I10: 300 | K10: =SUM(I10*J10) -> 0 | L10: 940 | N10: =SUM(L10*M10) -> 0 | O10: 350 | Q10: =SUM(O10*P10) -> 0 | R10: 270 | T10: =SUM(R10*S10) -> 0 | U10: 1000 | W10: =SUM(V10*U10) -> 0 | X10: =SUM(F10+K10+N10+T10+W10) -> 119370
A11: 6 | B11: 若林 哲也 | C11: 尾道 | D11: 5190 | F11: =SUM(D11*E11) -> 0 | G11: =E11*5890 -> 0 | H11: =G11-F11 -> 0 | I11: 300 | K11: =SUM(I11*J11) -> 0 | L11: 940 | N11: =SUM(L11*M11) -> 0 | O11: 350 | Q11: =SUM(O11*P11) -> 0 | R11: 270 | T11: =SUM(R11*S11) -> 0 | U11: 1000 | W11: =SUM(V11*U11) -> 0 | X11: =SUM(F11+K11+N11+T11+W11) -> 0
A12: 7 | B12: 柏木 憲太 | C12: 三原 | D12: 5190 | E12: 19 | F12: =SUM(D12*E12) -> 98610 | G12: =E11*5890 -> 0 | H12: =G12-F11 -> 0 | I12: 300 | K12: =SUM(I12*J12) -> 0 | L12: 940 | M12: 3 | N12: =SUM(L12*M12) -> 2820 | O12: 350 | P12: 19 | Q12: =SUM(O12*P12) -> 6650 | R12: 270 | S12: 38 | T12: =SUM(R12*S12) -> 10260 | U12: 1000 | W12: =SUM(V12*U12) -> 0 | X12: =SUM(F12+K12+N12+T12+W12) -> 111690
A13: 8 | B13: 大元 裕美子 | C13: 尾道 | D13: 5190 | E13: 13 | F13: =SUM(D13*E13) -> 67470 | G13: =E13*5890 -> 76570 | H13: =G13-F13 -> 9100 | I13: 300 | K13: =SUM(I13*J13) -> 0 | L13: 940 | N13: =SUM(L13*M13) -> 0 | O13: 350 | P13: 4 | Q13: =SUM(O13*P13) -> 1400 | R13: 270 | S13: 26 | T13: =SUM(R13*S13) -> 7020 | U13: 1000 | W13: =SUM(V13*U13) -> 0 | X13: =SUM(F13+K13+N13+T13+W13) -> 74490
A14: 9 | B14: 葛籠 紗葵 | C14: 尾道 | D14: 5190 | E14: 17 | F14: =SUM(D14*E14) -> 88230 | G14: =E13*5890 -> 76570 | H14: =G14-F13 -> 9100 | I14: 300 | K14: =SUM(I14*J14) -> 0 | L14: 940 | M14: 4 | N14: =SUM(L14*M14) -> 3760 | O14: 350 | P14: 17 | Q14: =SUM(O14*P14) -> 5950 | R14: 270 | S14: 34 | T14: =SUM(R14*S14) -> 9180 | U14: 1000 | W14: =SUM(V14*U14) -> 0 | X14: =SUM(F14+K14+N14+T14+W14) -> 101170
A15: 10 | B15: 倉谷 円 | C15: 尾道 | D15: 5190 | E15: 14 | F15: =SUM(D15*E15) -> 72660 | G15: =E15*5890 -> 82460 | H15: =G15-F15 -> 9800 | I15: 300 | K15: =SUM(I15*J15) -> 0 | L15: 940 | N15: =SUM(L15*M15) -> 0 | O15: 350 | P15: 14 | Q15: =SUM(O15*P15) -> 4900 | R15: 270 | S15: 28 | T15: =SUM(R15*S15) -> 7560 | U15: 1000 | W15: =SUM(V15*U15) -> 0 | X15: =SUM(F15+K15+N15+T15+W15) -> 80220
A16: 11 | B16: 佐藤 皓喜 | D16: 5190 | F16: =SUM(D16*E16) -> 0 | G16: =E15*5890 -> 82460 | H16: =G16-F15 -> 9800 | I16: 300 | K16: =SUM(I16*J16) -> 0 | L16: 940 | N16: =SUM(L16*M16) -> 0 | O16: 350 | Q16: =SUM(O16*P16) -> 0 | R16: 270 | T16: =SUM(R16*S16) -> 0 | U16: 1000 | W16: =SUM(V16*U16) -> 0 | X16: =SUM(F16+K16+N16+T16+W16) -> 0
A17: 12 | B17: 岡田 直明 | C17: 尾道 | D17: 5190 | E17: 8 | F17: =SUM(D17*E17) -> 41520 | G17: =E17*5890 -> 47120 | H17: =G17-F17 -> 5600 | I17: 300 | K17: =SUM(I17*J17) -> 0 | L17: 940 | M17: 4 | N17: =SUM(L17*M17) -> 3760 | O17: 350 | Q17: =SUM(O17*P17) -> 0 | R17: 270 | T17: =SUM(R17*S17) -> 0 | U17: 1000 | W17: =SUM(V17*U17) -> 0 | X17: =SUM(F17+K17+N17+T17+W17) -> 45280
A18: 13 | B18: 吉原 祐平 | C18: 福山 | D18: 5190 | E18: 21 | F18: =SUM(D18*E18) -> 108990 | G18: =E17*5890 -> 47120 | H18: =G18-F17 -> 5600 | I18: 300 | K18: =SUM(I18*J18) -> 0 | L18: 940 | M18: 1 | N18: =SUM(L18*M18) -> 940 | O18: 350 | P18: 21 | Q18: =SUM(O18*P18) -> 7350 | R18: 270 | S18: 42 | T18: =SUM(R18*S18) -> 11340 | U18: 1000 | W18: =SUM(V18*U18) -> 0 | X18: =SUM(F18+K18+N18+T18+W18) -> 121270
A19: 14 | B19: 神田 幸弘 | C19: 尾道 | D19: 5190 | E19: 20 | F19: =SUM(D19*E19) -> 103800 | G19: =E19*5890 -> 117800 | H19: =G19-F19 -> 14000 | I19: 300 | K19: =SUM(I19*J19) -> 0 | L19: 940 | M19: 2 | N19: =SUM(L19*M19) -> 1880 | O19: 290 | P19: 1 | Q19: =SUM(O19*P19) -> 290 | R19: 270 | S19: 40 | T19: =SUM(R19*S19) -> 10800 | U19: 1000 | W19: =SUM(V19*U19) -> 0 | X19: =SUM(F19+K19+N19+T19+W19) -> 116480
A20: 15 | B20: 宇江 寿江 | C20: 尾道 | D20: 5190 | E20: 20 | F20: =SUM(D20*E20) -> 103800 | G20: =E19*5890 -> 117800 | H20: =G20-F19 -> 14000 | I20: 300 | K20: =SUM(I20*J20) -> 0 | L20: 940 | M20: 2 | N20: =SUM(L20*M20) -> 1880 | O20: 350 | Q20: =SUM(O20*P20) -> 0 | R20: 270 | S20: 40 | T20: =SUM(R20*S20) -> 10800 | U20: 1000 | W20: =SUM(V20*U20) -> 0 | X20: =SUM(F20+K20+N20+T20+W20) -> 116480
A21: 16 | B21: 鹿室 泰洋 | C21: 福山 | D21: 5190 | E21: 9 | F21: =SUM(D21*E21) -> 46710 | G21: =E21*5890 -> 53010 | H21: =G21-F21 -> 6300 | I21: 300 | K21: =SUM(I21*J21) -> 0 | L21: 940 | M21: 4 | N21: =SUM(L21*M21) -> 3760 | O21: 350 | Q21: =SUM(O21*P21) -> 0 | R21: 270 | T21: =SUM(R21*S21) -> 0 | U21: 1000 | W21: =SUM(V21*U21) -> 0 | X21: =SUM(F21+K21+N21+T21+W21) -> 50470
A22: 17 | B22: 櫻武 隆一 | C22: 尾道 | D22: 5190 | E22: 21 | F22: =SUM(D22*E22) -> 108990 | G22: =E21*5890 -> 53010 | H22: =G22-F21 -> 6300 | I22: 300 | J22: 7 | K22: =SUM(I22*J22) -> 2100 | L22: 940 | M22: 1 | N22: =SUM(L22*M22) -> 940 | O22: 350 | P22: 21 | Q22: =SUM(O22*P22) -> 7350 | R22: 270 | S22: 42 | T22: =SUM(R22*S22) -> 11340 | U22: 1000 | W22: =SUM(V22*U22) -> 0 | X22: =SUM(F22+K22+N22+T22+W22) -> 123370
A23: 18 | B23: 志並 智美 | C23: 尾道 | D23: 5190 | E23: 15 | F23: =SUM(D23*E23) -> 77850 | G23: =E23*5890 -> 88350 | H23: =G23-F23 -> 10500 | I23: 300 | J23: 8 | K23: =SUM(I23*J23) -> 2400 | L23: 940 | M23: 4 | N23: =SUM(L23*M23) -> 3760 | O23: 350 | Q23: =SUM(O23*P23) -> 0 | R23: 270 | S23: 30 | T23: =SUM(R23*S23) -> 8100 | U23: 1000 | W23: =SUM(V23*U23) -> 0 | X23: =SUM(F23+K23+N23+T23+W23) -> 92110
A24: 19 | B24: 吉岡 一夫 | C24: 世羅 | D24: 5190 | E24: 18 | F24: =SUM(D24*E24) -> 93420 | G24: =E23*5890 -> 88350 | H24: =G24-F23 -> 10500 | I24: 300 | K24: =SUM(I24*J24) -> 0 | L24: 940 | M24: 4 | N24: =SUM(L24*M24) -> 3760 | O24: 350 | Q24: =SUM(O24*P24) -> 0 | R24: 270 | S24: 36 | T24: =SUM(R24*S24) -> 9720 | U24: 1000 | W24: =SUM(V24*U24) -> 0 | X24: =SUM(F24+K24+N24+T24+W24) -> 106900
A25: 21 | B25: 仁井 諭 | C25: 三原 | D25: 5190 | E25: 21 | F25: =SUM(D25*E25) -> 108990 | G25: =E25*5890 -> 123690 | H25: =G25-F25 -> 14700 | I25: 300 | J25: 20 | K25: =SUM(I25*J25) -> 6000 | L25: 940 | M25: 1 | N25: =SUM(L25*M25) -> 940 | O25: 350 | P25: 21 | Q25: =SUM(O25*P25) -> 7350 | R25: 270 | S25: 42 | T25: =SUM(R25*S25) -> 11340 | U25: 1000 | W25: =SUM(V25*U25) -> 0 | X25: =SUM(F25+K25+N25+T25+W25) -> 127270
A26: 22 | B26: 林 命 | C26: 尾道 | D26: 5190 | E26: 16 | F26: =SUM(D26*E26) -> 83040 | G26: =E25*5890 -> 123690 | H26: =G26-F25 -> 14700 | I26: 300 | J26: 16 | K26: =SUM(I26*J26) -> 4800 | L26: 940 | M26: 3 | N26: =SUM(L26*M26) -> 2820 | O26: 350 | P26: 16 | Q26: =SUM(O26*P26) -> 5600 | R26: 270 | S26: 32 | T26: =SUM(R26*S26) -> 8640 | U26: 1000 | W26: =SUM(V26*U26) -> 0 | X26: =SUM(F26+K26+N26+T26+W26) -> 99300
A27: 23 | B27: （6月）吉岡 | C27: 世羅 | D27: 5190 | F27: =SUM(D27*E27) -> 0 | G27: =E27*5890 -> 0 | H27: =G27-F27 -> 0 | I27: 300 | J27: 21 | K27: =SUM(I27*J27) -> 6300 | L27: 940 | M27: 1 | N27: =SUM(L27*M27) -> 940 | O27: 350 | R27: 270 | S27: 41 | T27: =SUM(R27*S27) -> 11070 | U27: 1000 | W27: =SUM(V27*U27) -> 0
F28: =SUM(F5:F25) -> 1645230 | H28: =SUM(H6:H27) -> 210700 | K28: =SUM(K5:K25) -> 10500 | N28: =SUM(N5:N25) -> 35720 | Q28: =SUM(Q5:Q25) -> 53120 | T28: =SUM(T5:T25) -> 126900 | W28: =SUM(W5:W25) -> 0 | X28: =SUM(X6:X27) -> 1917650
U30: =X28 -> 1917650
W35: 福山市 | X35: =X6+X7+X18+X21 -> 383660
W36: 尾道市 | X36: =X8+X11+X13+X14+X17+X19+X20+X22+X15+X23+X26 -> 949390
W37: 世羅町 | X37: =X24 -> 106900
W38: 今治市 | X38: =X9+X10 -> 238740
W39: 三原市 | X39: =X12+X25 -> 238960
X40: =SUBTOTAL(9,X35:X39) -> 1917650

Sheet H27.5後
B1: 平成27年度
A2: 5月分
D3: 就労継続Ｂ | I3: 就継初期 | L3: 欠席対応 | O3: 弁当代 | R3: 訪問支援特別加算 | U3: 就労外 | X3: 合計
B4: 利用者名 | D4: 5890 | E4: 日数 | I4: 300 | J4: 日数 | L4: 940 | M4: 日数 | O4: 350 | P4: 日数 | R4: 2800 | S4: 日数 | U4: 1000 | V4: 日数
B5: 山内 龍一 | D5: 5840 | E5: 17 | F5: =SUM(D5*E5) -> 99280 | I5: 300 | K5: =SUM(I5*J5) -> 0 | L5: 940 | M5: 4 | N5: =SUM(L5*M5) -> 3760 | R5: 2800 | T5: =SUM(R5*S6) -> 0 | U5: 1000 | W5: =SUM(V6*U5) -> 0
A6: 1 | C6: 福山 | G6: =E5*5840 -> 99280 | H6: =G6-F5 -> 0 | O6: 290 | P6: 15 | Q6: =SUM(O6*P6) -> 4350 | X6: =SUM(F5+K5+N5+T5+W5) -> 103040
A7: 2 | B7: 山下 恵美子 | C7: 福山 | D7: 5840 | E7: 16 | F7: =SUM(D7*E7) -> 93440 | G7: =E7*5840 -> 93440 | H7: =G7-F7 -> 0 | I7: 300 | K7: =SUM(I7*J7) -> 0 | L7: 940 | M7: 2 | N7: =SUM(L7*M7) -> 1880 | O7: 350 | P7: 17 | Q7: =SUM(O7*P7) -> 5950 | R7: 2800 | T7: =SUM(R7*S7) -> 0 | U7: 1000 | W7: =SUM(V7*U7) -> 0 | X7: =SUM(F7+K7+N7+T7+W7) -> 95320
A8: 3 | B8: 川上 智樹 | D8: 5840 | E8: 0 | F8: =SUM(D8*E8) -> 0 | G8: =E8*5840 -> 0 | H8: =G8-F8 -> 0 | I8: 300 | K8: =SUM(I8*J8) -> 0 | L8: 940 | N8: =SUM(L8*M8) -> 0 | O8: 350 | Q8: =SUM(O8*P8) -> 0 | R8: 2800 | T8: =SUM(R8*S8) -> 0 | U8: 1000 | W8: =SUM(V8*U8) -> 0 | X8: =SUM(F8+K8+N8+T8+W8) -> 0
A9: 4 | B9: 上松 正和 | C9: 今治 | D9: 5840 | E9: 22 | F9: =SUM(D9*E9) -> 128480 | G9: =E9*5840 -> 128480 | H9: =G9-F9 -> 0 | I9: 300 | K9: =SUM(I9*J9) -> 0 | L9: 940 | N9: =SUM(L9*M9) -> 0 | O9: 350 | P9: 19 | Q9: =SUM(O9*P9) -> 6650 | R9: 2800 | T9: =SUM(R9*S9) -> 0 | U9: 1000 | W9: =SUM(V9*U9) -> 0 | X9: =SUM(F9+K9+N9+T9+W9) -> 128480
A10: 5 | B10: 上松 浩二 | C10: 今治 | D10: 5840 | E10: 22 | F10: =SUM(D10*E10) -> 128480 | G10: =E9*5840 -> 128480 | H10: =G10-F10 -> 0 | I10: 300 | K10: =SUM(I10*J10) -> 0 | L10: 940 | N10: =SUM(L10*M10) -> 0 | O10: 350 | P10: 19 | Q10: =SUM(O10*P10) -> 6650 | R10: 2800 | T10: =SUM(R10*S10) -> 0 | U10: 1000 | W10: =SUM(V10*U10) -> 0 | X10: =SUM(F10+K10+N10+T10+W10) -> 128480
A11: 6 | B11: 若林 哲也 | D11: 5840 | E11: 16 | F11: =SUM(D11*E11) -> 93440 | G11: =E11*5840 -> 93440 | H11: =G11-F11 -> 0 | I11: 300 | K11: =SUM(I11*J11) -> 0 | L11: 940 | M11: 1 | N11: =SUM(L11*M11) -> 940 | O11: 350 | Q11: =SUM(O11*P11) -> 0 | R11: 2800 | T11: =SUM(R11*S11) -> 0 | U11: 1000 | W11: =SUM(V11*U11) -> 0 | X11: =SUM(F11+K11+N11+T11+W11) -> 94380
A12: 7 | B12: 柏木 憲太 | D12: 5840 | E12: 22 | F12: =SUM(D12*E12) -> 128480 | G12: =E11*5840 -> 93440 | H12: =G12-F11 -> 0 | I12: 300 | K12: =SUM(I12*J12) -> 0 | L12: 940 | N12: =SUM(L12*M12) -> 0 | O12: 350 | P12: 22 | Q12: =SUM(O12*P12) -> 7700 | R12: 2800 | T12: =SUM(R12*S12) -> 0 | U12: 1000 | W12: =SUM(V12*U12) -> 0 | X12: =SUM(F12+K12+N12+T12+W12) -> 128480
A13: 8 | B13: 大元 裕美子 | D13: 5840 | E13: 22 | F13: =SUM(D13*E13) -> 128480 | G13: =E13*5840 -> 128480 | H13: =G13-F13 -> 0 | I13: 300 | K13: =SUM(I13*J13) -> 0 | L13: 940 | N13: =SUM(L13*M13) -> 0 | O13: 350 | P13: 9 | Q13: =SUM(O13*P13) -> 3150 | R13: 2800 | T13: =SUM(R13*S13) -> 0 | U13: 1000 | W13: =SUM(V13*U13) -> 0 | X13: =SUM(F13+K13+N13+T13+W13) -> 128480
A14: 9 | B14: 葛籠 紗葵 | D14: 5840 | E14: 18 | F14: =SUM(D14*E14) -> 105120 | G14: =E14*5840 -> 105120 | H14: =G14-F14 -> 0 | I14: 300 | K14: =SUM(I14*J14) -> 0 | L14: 940 | M14: 4 | N14: =SUM(L14*M14) -> 3760 | O14: 350 | P14: 18 | Q14: =SUM(O14*P14) -> 6300 | R14: 2800 | T14: =SUM(R14*S14) -> 0 | U14: 1000 | W14: =SUM(V14*U14) -> 0 | X14: =SUM(F14+K14+N14+T14+W14) -> 108880
A15: 10 | B15: 倉谷 円 | D15: 5840 | E15: 6 | F15: =SUM(D15*E15) -> 35040 | G15: =E15*5840 -> 35040 | H15: =G15-F15 -> 0 | I15: 300 | K15: =SUM(I15*J15) -> 0 | L15: 940 | M15: 4 | N15: =SUM(L15*M15) -> 3760 | O15: 350 | P15: 10 | Q15: =SUM(O15*P15) -> 3500 | R15: 2800 | T15: =SUM(R15*S15) -> 0 | U15: 1000 | W15: =SUM(V15*U15) -> 0 | X15: =SUM(F15+K15+N15+T15+W15) -> 38800
A16: 11 | B16: 佐藤 皓喜 | D16: 5840 | E16: 0 | F16: =SUM(D16*E16) -> 0 | G16: =E16*5840 -> 0 | H16: =G16-F16 -> 0 | I16: 300 | K16: =SUM(I16*J16) -> 0 | L16: 940 | N16: =SUM(L16*M16) -> 0 | O16: 350 | Q16: =SUM(O16*P16) -> 0 | R16: 2800 | T16: =SUM(R16*S16) -> 0 | U16: 1000 | W16: =SUM(V16*U16) -> 0 | X16: =SUM(F16+K16+N16+T16+W16) -> 0
A17: 12 | B17: 岡田 直明 | D17: 5840 | E17: 9 | F17: =SUM(D17*E17) -> 52560 | G17: =E17*5840 -> 52560 | H17: =G17-F17 -> 0 | I17: 300 | K17: =SUM(I17*J17) -> 0 | L17: 940 | M17: 2 | N17: =SUM(L17*M17) -> 1880 | O17: 350 | Q17: =SUM(O17*P17) -> 0 | R17: 2800 | T17: =SUM(R17*S17) -> 0 | U17: 1000 | W17: =SUM(V17*U17) -> 0 | X17: =SUM(F17+K17+N17+T17+W17) -> 54440
A18: 13 | B18: 吉原 祐平 | C18: 福山 | D18: 5840 | E18: 13 | F18: =SUM(D18*E18) -> 75920 | G18: =E18*5840 -> 75920 | H18: =G18-F17 -> 23360 | I18: 300 | J18: 13 | K18: =SUM(I18*J18) -> 3900 | L18: 940 | M18: 3 | N18: =SUM(L18*M18) -> 2820 | O18: 350 | P18: 19 | Q18: =SUM(O18*P18) -> 6650 | R18: 2800 | T18: =SUM(R18*S18) -> 0 | U18: 1000 | W18: =SUM(V18*U18) -> 0 | X18: =SUM(F18+K18+N18+T18+W18) -> 82640
A19: 14 | B19: 4神田 幸弘 | D19: 5840 | E19: 3 | F19: =SUM(D19*E19) -> 17520 | G19: =E19*5840 -> 17520 | H19: =G19-F19 -> 0 | I19: 300 | J19: 3 | K19: =SUM(I19*J19) -> 900 | L19: 940 | N19: =SUM(L19*M19) -> 0 | O19: 350 | Q19: =SUM(O19*P19) -> 0 | R19: 2800 | T19: =SUM(R19*S19) -> 0 | U19: 1000 | W19: =SUM(V19*U19) -> 0 | X19: =SUM(F19+K19+N19+T19+W19) -> 18420
A20: 15 | B20: 4山内 龍一 | C20: 福山 | D20: 5840 | F20: =SUM(D20*E20) -> 0 | G20: =E20*5190 -> 0 | H20: =G20-F20 -> 0 | I20: 300 | K20: =SUM(I20*J20) -> 0 | L20: 940 | M20: 4 | N20: =SUM(L20*M20) -> 3760 | O20: 350 | Q20: =SUM(O20*P20) -> 0 | R20: 2800 | T20: =SUM(R20*S20) -> 0 | U20: 1000 | W20: =SUM(V20*U20) -> 0
A21: 16 | B21: 3葛籠 紗葵 | D21: 5890 | E21: 7 | F21: =SUM(D21*E21) -> 41230 | G21: =E21*5890 -> 41230 | H21: =G21-F21 -> 0 | I21: 300 | J21: 7 | K21: =SUM(I21*J21) -> 2100 | L21: 940 | N21: =SUM(L21*M21) -> 0 | O21: 350 | Q21: =SUM(O21*P21) -> 0 | R21: 2800 | T21: =SUM(R21*S21) -> 0 | U21: 1000 | W21: =SUM(V21*U21) -> 0 | X21: =SUM(F21+K21+N21+T21+W21) -> 43330
A22: 17 | B22: 神田 幸弘 | D22: 5840 | E22: 20 | F22: =SUM(D22*E22) -> 116800 | G22: =E22*5840 -> 116800 | H22: =G22-F22 -> 0 | I22: 300 | J22: 15 | K22: =SUM(I22*J22) -> 4500 | L22: 940 | M22: 2 | N22: =SUM(L22*M22) -> 1880 | O22: 350 | P22: 19 | Q22: =SUM(O22*P22) -> 6650 | R22: 2800 | T22: =SUM(R22*S22) -> 0 | U22: 1000 | W22: =SUM(V22*U22) -> 0 | X22: =SUM(F22+K22+N22+T22+W22) -> 123180
A23: 18 | B23: 宇江 寿江 | D23: 5840 | E23: 12 | F23: =SUM(D23*E23) -> 70080 | G23: =E23*5840 -> 70080 | H23: =G23-F23 -> 0 | I23: 300 | J23: 12 | K23: =SUM(I23*J23) -> 3600 | L23: 940 | M23: 3 | N23: =SUM(L23*M23) -> 2820 | O23: 350 | Q23: =SUM(O23*P23) -> 0 | R23: 2800 | T23: =SUM(R23*S23) -> 0 | U23: 1000 | W23: =SUM(V23*U23) -> 0 | X23: =SUM(F23+K23+N23+T23+W23) -> 76500
A24: 19 | B24: 鹿室 泰洋 | C24: 福山 | D24: 5840 | E24: 4 | F24: =SUM(D24*E24) -> 23360 | G24: =E24*5840 -> 23360 | H24: =G24-F24 -> 0 | I24: 300 | J24: 4 | K24: =SUM(I24*J24) -> 1200 | L24: 940 | M24: 2 | N24: =SUM(L24*M24) -> 1880 | O24: 350 | P24: 5 | Q24: =SUM(O24*P24) -> 1750 | R24: 2800 | T24: =SUM(R24*S24) -> 0 | U24: 1000 | W24: =SUM(V24*U24) -> 0 | X24: =SUM(F24+K24+N24+T24+W24) -> 26440
A25: 21 | B25: ○櫻武 隆一 | D25: 5840 | F25: =SUM(D25*E25) -> 0 | G25: =E25*5840 -> 0 | H25: =G25-F25 -> 0 | I25: 300 | K25: =SUM(I25*J25) -> 0 | L25: 940 | N25: =SUM(L25*M25) -> 0 | O25: 350 | P25: 21 | Q25: =SUM(O25*P25) -> 7350 | R25: 2800 | T25: =SUM(R25*S25) -> 0 | U25: 1000 | W25: =SUM(V25*U25) -> 0 | X25: =SUM(F25+K25+N25+T25+W25) -> 0
A26: 22 | D26: 5840 | F26: =SUM(D26*E26) -> 0 | G26: =E25*5890 -> 0 | H26: =G26-F25 -> 0 | I26: 300 | K26: =SUM(I26*J26) -> 0 | L26: 940 | N26: =SUM(L26*M26) -> 0 | O26: 350 | Q26: =SUM(O26*P26) -> 0 | R26: 2800 | T26: =SUM(R26*S26) -> 0 | U26: 1000 | W26: =SUM(V26*U26) -> 0 | X26: =SUM(F26+K26+N26+T26+W26) -> 0
F27: =SUM(F5:F25) -> 1337710 | H27: =SUM(H6:H26) -> 23360 | K27: =SUM(K5:K25) -> 16200 | N27: =SUM(N5:N25) -> 29140 | Q27: =SUM(Q5:Q25) -> 66650 | T27: =SUM(T5:T25) -> 0 | W27: =SUM(W5:W25) -> 0 | X27: =SUM(X6:X25) -> 1379290
B30: 弁当代
B31: 山内 雄司 | D31: 350 | E31: 1 | F31: =SUM(D31*E31) -> 350 | U31: =X27 -> 1379290
B32: 瀬戸 | D32: 350 | E32: 3 | F32: =SUM(D32*E32) -> 1050
B33: 柏木憲太 受給者証の更新の遅れがある為、来月５・６月で請求
B34: 葛籠紗葵 ３月請求が返戻になっていた為、今月請求。 | Y34: 差額
B35: 山内龍一 4月再請求 | W35: 福山 | X35: =X6+X7+X18+X20+X24 -> 307440 | Y35: =X35-H27.5前!X34 -> 32500
W36: 今治市 | X36: =X9+X10 -> 256960 | Y36: =X36-H27.5前!X35 -> 28600
Y37: =SUBTOTAL(9,Y35:Y36) -> 61100

Sheet H27.6後
B1: 平成27年度
A2: 6月分
D3: 就労継続Ｂ | I3: 就継初期 | L3: 欠席対応 | O3: 弁当代 | R3: 送迎加算 | U3: 就労外 | X3: 合計
B4: 利用者名 | D4: 5890 | E4: 日数 | I4: 300 | J4: 日数 | L4: 940 | M4: 日数 | O4: 350 | P4: 日数 | R4: 270 | S4: 日数 | U4: 1000 | V4: 日数
B5: 山内 龍一 | D5: 5840 | E5: 11 | F5: =SUM(D5*E5) -> 64240 | I5: 300 | K5: =SUM(I5*J5) -> 0 | L5: 940 | M5: 4 | N5: =SUM(L5*M5) -> 3760 | R5: 270 | S5: 22 | T5: =SUM(R5*S5) -> 5940 | U5: 1000 | W5: =SUM(V6*U5) -> 0
A6: 1 | C6: 福山 | G6: =E5*5890 -> 64790 | H6: =G6-F5 -> 550 | O6: 290 | P6: 10 | Q6: =SUM(O6*P6) -> 2900 | X6: =SUM(F5+K5+N5+T5+W5) -> 73940
A7: 2 | B7: 山下 恵美子 | C7: 福山 | D7: 5840 | E7: 19 | F7: =SUM(D7*E7) -> 110960 | G7: =E7*5890 -> 111910 | H7: =G7-F7 -> 950 | I7: 300 | K7: =SUM(I7*J7) -> 0 | L7: 940 | M7: 3 | N7: =SUM(L7*M7) -> 2820 | O7: 350 | P7: 19 | Q7: =SUM(O7*P7) -> 6650 | R7: 270 | S7: 38 | T7: =SUM(R7*S7) -> 10260 | U7: 1000 | W7: =SUM(V7*U7) -> 0 | X7: =SUM(F7+K7+N7+T7+W7) -> 124040
A8: 3 | B8: 川上 智樹 | C8: 尾道 | D8: 5840 | E8: 6 | F8: =SUM(D8*E8) -> 35040 | G8: =E7*5890 -> 111910 | H8: =G8-F7 -> 950 | I8: 300 | K8: =SUM(I8*J8) -> 0 | L8: 940 | N8: =SUM(L8*M8) -> 0 | O8: 350 | Q8: =SUM(O8*P8) -> 0 | R8: 270 | T8: =SUM(R8*S8) -> 0 | U8: 1000 | W8: =SUM(V8*U8) -> 0 | X8: =SUM(F8+K8+N8+T8+W8) -> 35040
A9: 4 | B9: 上松 正和 | C9: 今治 | D9: 5840 | E9: 22 | F9: =SUM(D9*E9) -> 128480 | G9: =E9*5890 -> 129580 | H9: =G9-F9 -> 1100 | I9: 300 | K9: =SUM(I9*J9) -> 0 | L9: 940 | N9: =SUM(L9*M9) -> 0 | O9: 350 | P9: 5 | Q9: =SUM(O9*P9) -> 1750 | R9: 270 | T9: =SUM(R9*S9) -> 0 | U9: 1000 | W9: =SUM(V9*U9) -> 0 | X9: =SUM(F9+K9+N9+T9+W9) -> 128480
A10: 5 | B10: 上松 浩二 | C10: 今治 | D10: 5840 | E10: 22 | F10: =SUM(D10*E10) -> 128480 | G10: =E9*5890 -> 129580 | H10: =G10-F9 -> 1100 | I10: 300 | K10: =SUM(I10*J10) -> 0 | L10: 940 | N10: =SUM(L10*M10) -> 0 | O10: 350 | P10: 5 | Q10: =SUM(O10*P10) -> 1750 | R10: 270 | T10: =SUM(R10*S10) -> 0 | U10: 1000 | W10: =SUM(V10*U10) -> 0 | X10: =SUM(F10+K10+N10+T10+W10) -> 128480
A11: 6 | B11: 若林 哲也 | C11: 尾道 | D11: 5840 | E11: 12 | F11: =SUM(D11*E11) -> 70080 | G11: =E11*5890 -> 70680 | H11: =G11-F11 -> 600 | I11: 300 | K11: =SUM(I11*J11) -> 0 | L11: 940 | M11: 4 | N11: =SUM(L11*M11) -> 3760 | O11: 350 | Q11: =SUM(O11*P11) -> 0 | R11: 270 | S11: 24 | T11: =SUM(R11*S11) -> 6480 | U11: 1000 | W11: =SUM(V11*U11) -> 0 | X11: =SUM(F11+K11+N11+T11+W11) -> 80320
A12: 7 | B12: 柏木 憲太 | C12: 三原 | D12: 5840 | E12: 22 | F12: =SUM(D12*E12) -> 128480 | G12: =E11*5890 -> 70680 | H12: =G12-F11 -> 600 | I12: 300 | K12: =SUM(I12*J12) -> 0 | L12: 940 | N12: =SUM(L12*M12) -> 0 | O12: 350 | P12: 22 | Q12: =SUM(O12*P12) -> 7700 | R12: 270 | S12: 44 | T12: =SUM(R12*S12) -> 11880 | U12: 1000 | W12: =SUM(V12*U12) -> 0 | X12: =SUM(F12+K12+N12+T12+W12) -> 140360
A13: 8 | B13: 大元 裕美子 | C13: 尾道 | D13: 5840 | E13: 21 | F13: =SUM(D13*E13) -> 122640 | G13: =E13*5890 -> 123690 | H13: =G13-F13 -> 1050 | I13: 300 | K13: =SUM(I13*J13) -> 0 | L13: 940 | M13: 1 | N13: =SUM(L13*M13) -> 940 | O13: 350 | P13: 8 | Q13: =SUM(O13*P13) -> 2800 | R13: 270 | S13: 42 | T13: =SUM(R13*S13) -> 11340 | U13: 1000 | W13: =SUM(V13*U13) -> 0 | X13: =SUM(F13+K13+N13+T13+W13) -> 134920
A14: 9 | B14: 葛籠 紗葵 | C14: 尾道 | D14: 5840 | E14: 19 | F14: =SUM(D14*E14) -> 110960 | G14: =E13*5890 -> 123690 | H14: =G14-F13 -> 1050 | I14: 300 | K14: =SUM(I14*J14) -> 0 | L14: 940 | M14: 3 | N14: =SUM(L14*M14) -> 2820 | O14: 350 | P14: 19 | Q14: =SUM(O14*P14) -> 6650 | R14: 270 | S14: 38 | T14: =SUM(R14*S14) -> 10260 | U14: 1000 | W14: =SUM(V14*U14) -> 0 | X14: =SUM(F14+K14+N14+T14+W14) -> 124040
A15: 10 | B15: 倉谷 円 | D15: 5840 | F15: =SUM(D15*E15) -> 0 | G15: =E15*5890 -> 0 | H15: =G15-F15 -> 0 | I15: 300 | K15: =SUM(I15*J15) -> 0 | L15: 940 | N15: =SUM(L15*M15) -> 0 | O15: 350 | Q15: =SUM(O15*P15) -> 0 | R15: 270 | T15: =SUM(R15*S15) -> 0 | U15: 1000 | W15: =SUM(V15*U15) -> 0 | X15: =SUM(F15+K15+N15+T15+W15) -> 0
A16: 11 | B16: 佐藤 皓喜 | D16: 5840 | F16: =SUM(D16*E16) -> 0 | G16: =E15*5890 -> 0 | H16: =G16-F15 -> 0 | I16: 300 | K16: =SUM(I16*J16) -> 0 | L16: 940 | N16: =SUM(L16*M16) -> 0 | O16: 350 | Q16: =SUM(O16*P16) -> 0 | R16: 270 | T16: =SUM(R16*S16) -> 0 | U16: 1000 | W16: =SUM(V16*U16) -> 0 | X16: =SUM(F16+K16+N16+T16+W16) -> 0
A17: 12 | B17: 岡田 直明 | C17: 尾道 | D17: 5840 | E17: 11 | F17: =SUM(D17*E17) -> 64240 | G17: =E17*5890 -> 64790 | H17: =G17-F17 -> 550 | I17: 300 | K17: =SUM(I17*J17) -> 0 | L17: 940 | M17: 2 | N17: =SUM(L17*M17) -> 1880 | O17: 350 | Q17: =SUM(O17*P17) -> 0 | R17: 270 | T17: =SUM(R17*S17) -> 0 | U17: 1000 | W17: =SUM(V17*U17) -> 0 | X17: =SUM(F17+K17+N17+T17+W17) -> 66120
A18: 13 | B18: 吉原 祐平 | C18: 福山 | D18: 5840 | E18: 21 | F18: =SUM(D18*E18) -> 122640 | G18: =E17*5890 -> 64790 | H18: =G18-F17 -> 550 | I18: 300 | J18: 8 | K18: =SUM(I18*J18) -> 2400 | L18: 940 | M18: 1 | N18: =SUM(L18*M18) -> 940 | O18: 350 | P18: 21 | Q18: =SUM(O18*P18) -> 7350 | R18: 270 | S18: 42 | T18: =SUM(R18*S18) -> 11340 | U18: 1000 | W18: =SUM(V18*U18) -> 0 | X18: =SUM(F18+K18+N18+T18+W18) -> 137320
A19: 14 | B19: 神田 幸弘 | C19: 尾道 | D19: 5840 | E19: 20 | F19: =SUM(D19*E19) -> 116800 | G19: =E19*5890 -> 117800 | H19: =G19-F19 -> 1000 | I19: 300 | K19: =SUM(I19*J19) -> 0 | L19: 940 | M19: 2 | N19: =SUM(L19*M19) -> 1880 | O19: 350 | P19: 7 | Q19: =SUM(O19*P19) -> 2450 | R19: 270 | S19: 40 | T19: =SUM(R19*S19) -> 10800 | U19: 1000 | W19: =SUM(V19*U19) -> 0 | X19: =SUM(F19+K19+N19+T19+W19) -> 129480
A20: 15 | B20: 宇江 寿江 | C20: 尾道 | D20: 5840 | E20: 17 | F20: =SUM(D20*E20) -> 99280 | G20: =E19*5890 -> 117800 | H20: =G20-F19 -> 1000 | I20: 300 | J20: 7 | K20: =SUM(I20*J20) -> 2100 | L20: 940 | M20: 4 | N20: =SUM(L20*M20) -> 3760 | O20: 350 | Q20: =SUM(O20*P20) -> 0 | R20: 270 | S20: 34 | T20: =SUM(R20*S20) -> 9180 | U20: 1000 | W20: =SUM(V20*U20) -> 0 | X20: =SUM(F20+K20+N20+T20+W20) -> 114320
A21: 16 | B21: 鹿室 泰洋 | C21: 福山 | D21: 5840 | E21: 6 | F21: =SUM(D21*E21) -> 35040 | G21: =E21*5890 -> 35340 | H21: =G21-F21 -> 300 | I21: 300 | J21: 4 | K21: =SUM(I21*J21) -> 1200 | L21: 940 | M21: 4 | N21: =SUM(L21*M21) -> 3760 | O21: 350 | Q21: =SUM(O21*P21) -> 0 | R21: 270 | S21: 12 | T21: =SUM(R21*S21) -> 3240 | U21: 1000 | W21: =SUM(V21*U21) -> 0 | X21: =SUM(F21+K21+N21+T21+W21) -> 43240
A22: 17 | B22: 櫻武 隆一 | C22: 尾道 | D22: 5840 | E22: 15 | F22: =SUM(D22*E22) -> 87600 | G22: =E21*5890 -> 35340 | H22: =G22-F21 -> 300 | I22: 300 | J22: 15 | K22: =SUM(I22*J22) -> 4500 | L22: 940 | N22: =SUM(L22*M22) -> 0 | O22: 350 | P22: 22 | Q22: =SUM(O22*P22) -> 7700 | R22: 270 | S22: 30 | T22: =SUM(R22*S22) -> 8100 | U22: 1000 | W22: =SUM(V22*U22) -> 0 | X22: =SUM(F22+K22+N22+T22+W22) -> 100200
A23: 18 | B23: 志並 智美 | C23: 尾道 | D23: 5840 | E23: 5 | F23: =SUM(D23*E23) -> 29200 | G23: =E23*5890 -> 29450 | H23: =G23-F23 -> 250 | I23: 300 | J23: 5 | K23: =SUM(I23*J23) -> 1500 | L23: 940 | M23: 2 | N23: =SUM(L23*M23) -> 1880 | O23: 350 | Q23: =SUM(O23*P23) -> 0 | R23: 270 | S23: 10 | T23: =SUM(R23*S23) -> 2700 | U23: 1000 | W23: =SUM(V23*U23) -> 0 | X23: =SUM(F23+K23+N23+T23+W23) -> 35280
A24: 19 | B24: 吉岡 一夫 | C24: 世羅 | D24: 5840 | E24: 21 | F24: =SUM(D24*E24) -> 122640 | G24: =E23*5890 -> 29450 | H24: =G24-F23 -> 250 | I24: 300 | J24: 21 | K24: =SUM(I24*J24) -> 6300 | L24: 940 | M24: 1 | N24: =SUM(L24*M24) -> 940 | O24: 350 | P24: 17 | Q24: =SUM(O24*P24) -> 5950 | R24: 270 | S24: 41 | T24: =SUM(R24*S24) -> 11070 | U24: 1000 | W24: =SUM(V24*U24) -> 0 | X24: =SUM(F24+K24+N24+T24+W24) -> 140950
A25: 21 | D25: 5190 | F25: =SUM(D25*E25) -> 0 | I25: 300 | K25: =SUM(I25*J25) -> 0 | L25: 940 | N25: =SUM(L25*M25) -> 0 | O25: 350 | Q25: =SUM(O25*P25) -> 0 | R25: 270 | T25: =SUM(R25*S25) -> 0 | U25: 1000 | W25: =SUM(V25*U25) -> 0 | X25: =SUM(F25+K25+N25+T25+W25) -> 0
A26: 22 | D26: 5190 | F26: =SUM(D26*E26) -> 0 | I26: 300 | K26: =SUM(I26*J26) -> 0 | L26: 940 | N26: =SUM(L26*M26) -> 0 | O26: 350 | Q26: =SUM(O26*P26) -> 0 | R26: 270 | T26: =SUM(R26*S26) -> 0 | U26: 1000 | W26: =SUM(V26*U26) -> 0 | X26: =SUM(F26+K26+N26+T26+W26) -> 0
F27: =SUM(F5:F25) -> 1576800 | H27: =SUM(H6:H26) -> 12150 | K27: =SUM(K5:K25) -> 18000 | N27: =SUM(N5:N25) -> 29140 | Q27: =SUM(Q5:Q25) -> 53650 | T27: =SUM(T5:T25) -> 112590 | W27: =SUM(W5:W25) -> 0 | X27: =SUM(X6:X25) -> 1736530
B29: 弁当代
U30: =X27 -> 1736530
B31: 瀬戸 | D31: 350 | E31: 1 | F31: =SUM(D31*E31) -> 350
Y34: 差額
W35: 福山市 | X35: =X6+X7+X18+X21 -> 378540 | Y35: =X35-H27.6前!X35 -> 40290
W36: 尾道市 | X36: =X8+X11+X13+X14+X17+X19+X20+X22+X23 -> 819720 | Y36: =X36-H27.6前!X36 -> 81900
W37: 世羅町 | X37: =X24 -> 140950 | Y37: =X37-H27.6前!X37 -> 13650
W38: 今治市 | X38: =X9+X10 -> 256960 | Y38: =X38-H27.6前!X38 -> 28600
W39: 三原市 | X39: =X12 -> 140360 | Y39: =X39-H27.6前!X39 -> 14300
X40: =SUBTOTAL(9,X35:X39) -> 1736530 | Y40: =X40-H27.6前!X40 -> 178740

Sheet H27.7後
B1: 平成27年度
A2: 7月分
D3: 就労継続Ｂ | I3: 就継初期 | L3: 欠席対応 | O3: 弁当代 | R3: 送迎加算 | U3: 就労外 | X3: 合計
B4: 利用者名 | D4: 5890 | E4: 日数 | I4: 300 | J4: 日数 | L4: 940 | M4: 日数 | O4: 350 | P4: 日数 | R4: 270 | S4: 日数 | U4: 1000 | V4: 日数
B5: 山内 龍一 | D5: 5840 | E5: 17 | F5: =SUM(D5*E5) -> 99280 | I5: 300 | K5: =SUM(I5*J5) -> 0 | L5: 940 | M5: 4 | N5: =SUM(L5*M5) -> 3760 | R5: 270 | S5: 34 | T5: =SUM(R5*S5) -> 9180 | U5: 1000 | W5: =SUM(V6*U5) -> 0
A6: 1 | C6: 福山 | G6: =E5*5890 -> 100130 | H6: =G6-F5 -> 850 | O6: 290 | Q6: 5230 | X6: =SUM(F5+K5+N5+T5+W5) -> 112220
A7: 2 | B7: 山下 恵美子 | C7: 福山 | D7: 5840 | E7: 19 | F7: =SUM(D7*E7) -> 110960 | G7: =E7*5890 -> 111910 | H7: =G7-F7 -> 950 | I7: 300 | K7: =SUM(I7*J7) -> 0 | L7: 940 | M7: 2 | N7: =SUM(L7*M7) -> 1880 | O7: 350 | P7: 19 | Q7: =SUM(O7*P7) -> 6650 | R7: 270 | S7: 38 | T7: =SUM(R7*S7) -> 10260 | U7: 1000 | W7: =SUM(V7*U7) -> 0 | X7: =SUM(F7+K7+N7+T7+W7) -> 123100
A8: 3 | B8: 川上 智樹 | C8: 尾道 | D8: 5840 | E8: 19 | F8: =SUM(D8*E8) -> 110960 | G8: =E7*5890 -> 111910 | H8: =G8-F7 -> 950 | I8: 300 | K8: =SUM(I8*J8) -> 0 | L8: 940 | M8: 2 | N8: =SUM(L8*M8) -> 1880 | O8: 350 | Q8: =SUM(O8*P8) -> 0 | R8: 270 | T8: =SUM(R8*S8) -> 0 | U8: 1000 | W8: =SUM(V8*U8) -> 0 | X8: =SUM(F8+K8+N8+T8+W8) -> 112840
A9: 4 | B9: 上松 正和 | C9: 今治 | D9: 5840 | E9: 23 | F9: =SUM(D9*E9) -> 134320 | G9: =E9*5890 -> 135470 | H9: =G9-F9 -> 1150 | I9: 300 | K9: =SUM(I9*J9) -> 0 | L9: 940 | N9: =SUM(L9*M9) -> 0 | O9: 350 | Q9: =SUM(O9*P9) -> 0 | R9: 270 | T9: =SUM(R9*S9) -> 0 | U9: 1000 | W9: =SUM(V9*U9) -> 0 | X9: =SUM(F9+K9+N9+T9+W9) -> 134320
A10: 5 | B10: 上松 浩二 | C10: 今治 | D10: 5840 | E10: 23 | F10: =SUM(D10*E10) -> 134320 | G10: =E9*5890 -> 135470 | H10: =G10-F9 -> 1150 | I10: 300 | K10: =SUM(I10*J10) -> 0 | L10: 940 | N10: =SUM(L10*M10) -> 0 | O10: 350 | Q10: =SUM(O10*P10) -> 0 | R10: 270 | T10: =SUM(R10*S10) -> 0 | U10: 1000 | W10: =SUM(V10*U10) -> 0 | X10: =SUM(F10+K10+N10+T10+W10) -> 134320
A11: 6 | B11: 若林 哲也 | C11: 尾道 | D11: 5840 | F11: =SUM(D11*E11) -> 0 | G11: =E11*5890 -> 0 | H11: =G11-F11 -> 0 | I11: 300 | K11: =SUM(I11*J11) -> 0 | L11: 940 | N11: =SUM(L11*M11) -> 0 | O11: 350 | Q11: =SUM(O11*P11) -> 0 | R11: 270 | T11: =SUM(R11*S11) -> 0 | U11: 1000 | W11: =SUM(V11*U11) -> 0 | X11: =SUM(F11+K11+N11+T11+W11) -> 0
A12: 7 | B12: 柏木 憲太 | C12: 三原 | D12: 5840 | E12: 19 | F12: =SUM(D12*E12) -> 110960 | G12: =E11*5890 -> 0 | H12: =G12-F11 -> 0 | I12: 300 | K12: =SUM(I12*J12) -> 0 | L12: 940 | M12: 3 | N12: =SUM(L12*M12) -> 2820 | O12: 350 | P12: 19 | Q12: =SUM(O12*P12) -> 6650 | R12: 270 | S12: 38 | T12: =SUM(R12*S12) -> 10260 | U12: 1000 | W12: =SUM(V12*U12) -> 0 | X12: =SUM(F12+K12+N12+T12+W12) -> 124040
A13: 8 | B13: 大元 裕美子 | C13: 尾道 | D13: 5840 | E13: 13 | F13: =SUM(D13*E13) -> 75920 | G13: =E13*5890 -> 76570 | H13: =G13-F13 -> 650 | I13: 300 | K13: =SUM(I13*J13) -> 0 | L13: 940 | N13: =SUM(L13*M13) -> 0 | O13: 350 | P13: 4 | Q13: =SUM(O13*P13) -> 1400 | R13: 270 | S13: 26 | T13: =SUM(R13*S13) -> 7020 | U13: 1000 | W13: =SUM(V13*U13) -> 0 | X13: =SUM(F13+K13+N13+T13+W13) -> 82940
A14: 9 | B14: 葛籠 紗葵 | C14: 尾道 | D14: 5840 | E14: 17 | F14: =SUM(D14*E14) -> 99280 | G14: =E13*5890 -> 76570 | H14: =G14-F13 -> 650 | I14: 300 | K14: =SUM(I14*J14) -> 0 | L14: 940 | M14: 4 | N14: =SUM(L14*M14) -> 3760 | O14: 350 | P14: 17 | Q14: =SUM(O14*P14) -> 5950 | R14: 270 | S14: 34 | T14: =SUM(R14*S14) -> 9180 | U14: 1000 | W14: =SUM(V14*U14) -> 0 | X14: =SUM(F14+K14+N14+T14+W14) -> 112220
A15: 10 | B15: 倉谷 円 | C15: 尾道 | D15: 5840 | E15: 14 | F15: =SUM(D15*E15) -> 81760 | G15: =E15*5890 -> 82460 | H15: =G15-F15 -> 700 | I15: 300 | K15: =SUM(I15*J15) -> 0 | L15: 940 | N15: =SUM(L15*M15) -> 0 | O15: 350 | P15: 14 | Q15: =SUM(O15*P15) -> 4900 | R15: 270 | S15: 28 | T15: =SUM(R15*S15) -> 7560 | U15: 1000 | W15: =SUM(V15*U15) -> 0 | X15: =SUM(F15+K15+N15+T15+W15) -> 89320
A16: 11 | B16: 佐藤 皓喜 | D16: 5840 | F16: =SUM(D16*E16) -> 0 | G16: =E15*5890 -> 82460 | H16: =G16-F15 -> 700 | I16: 300 | K16: =SUM(I16*J16) -> 0 | L16: 940 | N16: =SUM(L16*M16) -> 0 | O16: 350 | Q16: =SUM(O16*P16) -> 0 | R16: 270 | T16: =SUM(R16*S16) -> 0 | U16: 1000 | W16: =SUM(V16*U16) -> 0 | X16: =SUM(F16+K16+N16+T16+W16) -> 0
A17: 12 | B17: 岡田 直明 | C17: 尾道 | D17: 5840 | E17: 8 | F17: =SUM(D17*E17) -> 46720 | G17: =E17*5890 -> 47120 | H17: =G17-F17 -> 400 | I17: 300 | K17: =SUM(I17*J17) -> 0 | L17: 940 | M17: 4 | N17: =SUM(L17*M17) -> 3760 | O17: 350 | Q17: =SUM(O17*P17) -> 0 | R17: 270 | T17: =SUM(R17*S17) -> 0 | U17: 1000 | W17: =SUM(V17*U17) -> 0 | X17: =SUM(F17+K17+N17+T17+W17) -> 50480
A18: 13 | B18: 吉原 祐平 | C18: 福山 | D18: 5840 | E18: 21 | F18: =SUM(D18*E18) -> 122640 | G18: =E17*5890 -> 47120 | H18: =G18-F17 -> 400 | I18: 300 | K18: =SUM(I18*J18) -> 0 | L18: 940 | M18: 1 | N18: =SUM(L18*M18) -> 940 | O18: 350 | P18: 21 | Q18: =SUM(O18*P18) -> 7350 | R18: 270 | S18: 42 | T18: =SUM(R18*S18) -> 11340 | U18: 1000 | W18: =SUM(V18*U18) -> 0 | X18: =SUM(F18+K18+N18+T18+W18) -> 134920
A19: 14 | B19: 神田 幸弘 | C19: 尾道 | D19: 5840 | E19: 20 | F19: =SUM(D19*E19) -> 116800 | G19: =E19*5890 -> 117800 | H19: =G19-F19 -> 1000 | I19: 300 | K19: =SUM(I19*J19) -> 0 | L19: 940 | M19: 2 | N19: =SUM(L19*M19) -> 1880 | O19: 290 | P19: 1 | Q19: =SUM(O19*P19) -> 290 | R19: 270 | S19: 40 | T19: =SUM(R19*S19) -> 10800 | U19: 1000 | W19: =SUM(V19*U19) -> 0 | X19: =SUM(F19+K19+N19+T19+W19) -> 129480
A20: 15 | B20: 宇江 寿江 | C20: 尾道 | D20: 5840 | E20: 20 | F20: =SUM(D20*E20) -> 116800 | G20: =E19*5890 -> 117800 | H20: =G20-F19 -> 1000 | I20: 300 | K20: =SUM(I20*J20) -> 0 | L20: 940 | M20: 2 | N20: =SUM(L20*M20) -> 1880 | O20: 350 | Q20: =SUM(O20*P20) -> 0 | R20: 270 | S20: 40 | T20: =SUM(R20*S20) -> 10800 | U20: 1000 | W20: =SUM(V20*U20) -> 0 | X20: =SUM(F20+K20+N20+T20+W20) -> 129480
A21: 16 | B21: 鹿室 泰洋 | C21: 福山 | D21: 5840 | E21: 9 | F21: =SUM(D21*E21) -> 52560 | G21: =E21*5890 -> 53010 | H21: =G21-F21 -> 450 | I21: 300 | K21: =SUM(I21*J21) -> 0 | L21: 940 | M21: 4 | N21: =SUM(L21*M21) -> 3760 | O21: 350 | Q21: =SUM(O21*P21) -> 0 | R21: 270 | T21: =SUM(R21*S21) -> 0 | U21: 1000 | W21: =SUM(V21*U21) -> 0 | X21: =SUM(F21+K21+N21+T21+W21) -> 56320
A22: 17 | B22: 櫻武 隆一 | C22: 尾道 | D22: 5840 | E22: 21 | F22: =SUM(D22*E22) -> 122640 | G22: =E21*5890 -> 53010 | H22: =G22-F21 -> 450 | I22: 300 | J22: 7 | K22: =SUM(I22*J22) -> 2100 | L22: 940 | M22: 1 | N22: =SUM(L22*M22) -> 940 | O22: 350 | P22: 21 | Q22: =SUM(O22*P22) -> 7350 | R22: 270 | S22: 42 | T22: =SUM(R22*S22) -> 11340 | U22: 1000 | W22: =SUM(V22*U22) -> 0 | X22: =SUM(F22+K22+N22+T22+W22) -> 137020
A23: 18 | B23: 志並 智美 | C23: 尾道 | D23: 5840 | E23: 15 | F23: =SUM(D23*E23) -> 87600 | G23: =E23*5890 -> 88350 | H23: =G23-F23 -> 750 | I23: 300 | J23: 8 | K23: =SUM(I23*J23) -> 2400 | L23: 940 | M23: 4 | N23: =SUM(L23*M23) -> 3760 | O23: 350 | Q23: =SUM(O23*P23) -> 0 | R23: 270 | S23: 30 | T23: =SUM(R23*S23) -> 8100 | U23: 1000 | W23: =SUM(V23*U23) -> 0 | X23: =SUM(F23+K23+N23+T23+W23) -> 101860
A24: 19 | B24: 吉岡 一夫 | C24: 世羅 | D24: 5840 | E24: 18 | F24: =SUM(D24*E24) -> 105120 | G24: =E23*5890 -> 88350 | H24: =G24-F23 -> 750 | I24: 300 | K24: =SUM(I24*J24) -> 0 | L24: 940 | M24: 4 | N24: =SUM(L24*M24) -> 3760 | O24: 350 | Q24: =SUM(O24*P24) -> 0 | R24: 270 | S24: 36 | T24: =SUM(R24*S24) -> 9720 | U24: 1000 | W24: =SUM(V24*U24) -> 0 | X24: =SUM(F24+K24+N24+T24+W24) -> 118600
A25: 21 | B25: 仁井 諭 | C25: 三原 | D25: 5840 | E25: 21 | F25: =SUM(D25*E25) -> 122640 | G25: =E25*5890 -> 123690 | H25: =G25-F25 -> 1050 | I25: 300 | J25: 20 | K25: =SUM(I25*J25) -> 6000 | L25: 940 | M25: 1 | N25: =SUM(L25*M25) -> 940 | O25: 350 | P25: 21 | Q25: =SUM(O25*P25) -> 7350 | R25: 270 | S25: 42 | T25: =SUM(R25*S25) -> 11340 | U25: 1000 | W25: =SUM(V25*U25) -> 0 | X25: =SUM(F25+K25+N25+T25+W25) -> 140920
A26: 22 | B26: 林 命 | C26: 尾道 | D26: 5840 | E26: 16 | F26: =SUM(D26*E26) -> 93440 | G26: =E25*5890 -> 123690 | H26: =G26-F25 -> 1050 | I26: 300 | J26: 16 | K26: =SUM(I26*J26) -> 4800 | L26: 940 | M26: 3 | N26: =SUM(L26*M26) -> 2820 | O26: 350 | P26: 16 | Q26: =SUM(O26*P26) -> 5600 | R26: 270 | S26: 32 | T26: =SUM(R26*S26) -> 8640 | U26: 1000 | W26: =SUM(V26*U26) -> 0 | X26: =SUM(F26+K26+N26+T26+W26) -> 109700
A27: 23 | B27: （6月）吉岡 | C27: 世羅 | F27: =SUM(D27*E27) -> 0 | G27: =E27*5890 -> 0 | H27: =G27-F27 -> 0 | I27: 300 | J27: 21 | K27: =SUM(I27*J27) -> 6300 | L27: 940 | M27: 1 | N27: =SUM(L27*M27) -> 940 | O27: 350 | R27: 270 | S27: 41 | T27: =SUM(R27*S27) -> 11070 | U27: 1000 | W27: =SUM(V27*U27) -> 0
F28: =SUM(F5:F25) -> 1851280 | H28: =SUM(H6:H27) -> 15050 | K28: =SUM(K5:K25) -> 10500 | N28: =SUM(N5:N25) -> 35720 | Q28: =SUM(Q5:Q25) -> 53120 | T28: =SUM(T5:T25) -> 126900 | W28: =SUM(W5:W25) -> 0 | X28: =SUM(X6:X27) -> 2134100
U30: =X28 -> 2134100
Y34: 差額
W35: 福山市 | X35: =X6+X7+X18+X21 -> 426560 | Y35: =X35-H27.7前!X35 -> 42900
W36: 尾道市 | X36: =X8+X11+X13+X14+X17+X19+X20+X22+X15+X23+X26 -> 1055340 | Y36: =X36-H27.7前!X36 -> 105950
W37: 世羅町 | X37: =X24 -> 118600 | Y37: =X37-H27.7前!X37 -> 11700
W38: 今治市 | X38: =X9+X10 -> 268640 | Y38: =X38-H27.7前!X38 -> 29900
W39: 三原市 | X39: =X12+X25 -> 264960 | Y39: =X39-H27.7前!X39 -> 26000
X40: =SUBTOTAL(9,X35:X39) -> 2134100 | Y40: =X40-H27.7前!X40 -> 216450
