Workbook

Sheet Sheet1
A1: カイト尾道 平成28年7月 | E1: 仁井 諭
A2: 日 | B2: 曜日 | C2: 送迎開始時間 | D2: 送迎終了時間 | E2: 送迎者
A3: 1 | B3: 金 | C3: 0.375 | D3: 0.66666667
A4: 2 | B4: 土 | C4: 0.375 | D4: 0.66666667
A5: 3 | B5: 日
A6: 4 | B6: 月 | C6: 0.375 | D6: 0.66666667
A7: 5 | B7: 火 | C7: 0.375 | D7: 0.66666667
A8: 6 | B8: 水 | C8: 0.375 | D8: 0.66666667
A9: 7 | B9: 木 | C9: 0.375 | D9: 0.66666667
A10: 8 | B10: 金 | C10: 0.375 | D10: 0.66666667
A11: 9 | B11: 土
A12: 10 | B12: 日
A13: 11 | B13: 月 | C13: 0.375 | D13: 0.66666667
A14: 12 | B14: 火 | C14: 0.375 | D14: 0.66666667
A15: 13 | B15: 水 | C15: 0.375 | D15: 0.66666667
A16: 14 | B16: 木 | C16: 0.375 | D16: 0.66666667
A17: 15 | B17: 金 | C17: 0.375 | D17: 0.66666667
A18: 16 | B18: 土 | C18: 0.375 | D18: 0.66666667
A19: 17 | B19: 日
A20: 18 | B20: 月
A21: 19 | B21: 火 | C21: 0.375 | D21: 0.66666667
A22: 20 | B22: 水 | C22: 0.375 | D22: 0.66666667
A23: 21 | B23: 木 | C23: 0.375 | D23: 0.66666667
A24: 22 | B24: 金 | C24: 0.375 | D24: 0.66666667
A25: 23 | B25: 土
A26: 24 | B26: 日
A27: 25 | B27: 月 | C27: 0.375 | D27: 0.66666667
A28: 26 | B28: 火 | C28: 0.375 | D28: 0.66666667
A29: 27 | B29: 水 | C29: 0.375 | D29: 0.66666667
A30: 28 | B30: 木 | C30: 0.375 | D30: 0.66666667
A31: 29 | B31: 金 | C31: 0.375 | D31: 0.66666667
A32: 30 | B32: 土 | C32: 0.375 | D32: 0.66666667
A33: 31 | B33: 日

Sheet Sheet1 (2)
A1: =IF(Sheet1!A1="","",Sheet1!A1) -> カイト尾道 平成28年7月 | E1: 山内ノリコ
A2: 日 | B2: 曜日 | C2: 送迎開始時間 | D2: 送迎終了時間 | E2: 送迎者
A3: 1 | B3: =Sheet1!B3 -> 金 | C3: =IF(Sheet1!C3="","",Sheet1!C3) -> 0.375 | D3: =IF(Sheet1!D3="","",Sheet1!D3) -> 0.66666667
A4: 2 | B4: =Sheet1!B4 -> 土 | C4: =IF(Sheet1!C4="","",Sheet1!C4) -> 0.375 | D4: =IF(Sheet1!D4="","",Sheet1!D4) -> 0.66666667
A5: 3 | B5: =Sheet1!B5 -> 日 | C5: =IF(Sheet1!C5="","",Sheet1!C5) | D5: =IF(Sheet1!D5="","",Sheet1!D5)
A6: 4 | B6: =Sheet1!B6 -> 月 | C6: =IF(Sheet1!C6="","",Sheet1!C6) -> 0.375 | D6: =IF(Sheet1!D6="","",Sheet1!D6) -> 0.66666667
A7: 5 | B7: =Sheet1!B7 -> 火 | C7: =IF(Sheet1!C7="","",Sheet1!C7) -> 0.375 | D7: =IF(Sheet1!D7="","",Sheet1!D7) -> 0.66666667
A8: 6 | B8: =Sheet1!B8 -> 水 | C8: =IF(Sheet1!C8="","",Sheet1!C8) -> 0.375 | D8: =IF(Sheet1!D8="","",Sheet1!D8) -> 0.66666667
A9: 7 | B9: =Sheet1!B9 -> 木 | C9: =IF(Sheet1!C9="","",Sheet1!C9) -> 0.375 | D9: =IF(Sheet1!D9="","",Sheet1!D9) -> 0.66666667
A10: 8 | B10: =Sheet1!B10 -> 金 | C10: =IF(Sheet1!C10="","",Sheet1!C10) -> 0.375 | D10: =IF(Sheet1!D10="","",Sheet1!D10) -> 0.66666667
A11: 9 | B11: =Sheet1!B11 -> 土 | C11: =IF(Sheet1!C11="","",Sheet1!C11) | D11: =IF(Sheet1!D11="","",Sheet1!D11)
A12: 10 | B12: =Sheet1!B12 -> 日 | C12: =IF(Sheet1!C12="","",Sheet1!C12) | D12: =IF(Sheet1!D12="","",Sheet1!D12)
A13: 11 | B13: =Sheet1!B13 -> 月 | C13: =IF(Sheet1!C13="","",Sheet1!C13) -> 0.375 | D13: =IF(Sheet1!D13="","",Sheet1!D13) -> 0.66666667
A14: 12 | B14: =Sheet1!B14 -> 火 | C14: =IF(Sheet1!C14="","",Sheet1!C14) -> 0.375 | D14: =IF(Sheet1!D14="","",Sheet1!D14) -> 0.66666667
... A31: 29 | B31: =Sheet1!B31 -> 金 | C31: =IF(Sheet1!C31="","",Sheet1!C31) -> 0.375 | D31: =IF(Sheet1!D31="","",Sheet1!D31) -> 0.66666667
A32: 30 | B32: 火 | C32: =IF(Sheet1!C32="","",Sheet1!C32) -> 0.375 | D32: =IF(Sheet1!D32="","",Sheet1!D32) -> 0.66666667
A33: 31 | B33: 水 | C33: =IF(Sheet1!C33="","",Sheet1!C33) | D33: =IF(Sheet1!D33="","",Sheet1!D33)

Sheet Sheet1 (3)
A1: =IF(Sheet1!A1="","",Sheet1!A1) -> カイト尾道 平成28年7月 | E1: 岡野千代子
A2: 日 | B2: 曜日 | C2: 送迎開始時間 | D2: 送迎終了時間 | E2: 送迎者
A3: 1 | B3: =Sheet1!B3 -> 金 | C3: =IF(Sheet1!C3="","",Sheet1!C3) -> 0.375 | D3: =IF(Sheet1!D3="","",Sheet1!D3) -> 0.66666667
A4: 2 | B4: =Sheet1!B4 -> 土 | C4: =IF(Sheet1!C4="","",Sheet1!C4) -> 0.375 | D4: =IF(Sheet1!D4="","",Sheet1!D4) -> 0.66666667
A5: 3 | B5: =Sheet1!B5 -> 日 | C5: =IF(Sheet1!C5="","",Sheet1!C5) | D5: =IF(Sheet1!D5="","",Sheet1!D5)
A6: 4 | B6: =Sheet1!B6 -> 月 | C6: =IF(Sheet1!C6="","",Sheet1!C6) -> 0.375 | D6: =IF(Sheet1!D6="","",Sheet1!D6) -> 0.66666667
A7: 5 | B7: =Sheet1!B7 -> 火 | C7: =IF(Sheet1!C7="","",Sheet1!C7) -> 0.375 | D7: =IF(Sheet1!D7="","",Sheet1!D7) -> 0.66666667
A8: 6 | B8: =Sheet1!B8 -> 水 | C8: =IF(Sheet1!C8="","",Sheet1!C8) -> 0.375 | D8: =IF(Sheet1!D8="","",Sheet1!D8) -> 0.66666667
A9: 7 | B9: =Sheet1!B9 -> 木 | C9: =IF(Sheet1!C9="","",Sheet1!C9) -> 0.375 | D9: =IF(Sheet1!D9="","",Sheet1!D9) -> 0.66666667
A10: 8 | B10: =Sheet1!B10 -> 金 | C10: =IF(Sheet1!C10="","",Sheet1!C10) -> 0.375 | D10: =IF(Sheet1!D10="","",Sheet1!D10) -> 0.66666667
A11: 9 | B11: =Sheet1!B11 -> 土 | C11: =IF(Sheet1!C11="","",Sheet1!C11) | D11: =IF(Sheet1!D11="","",Sheet1!D11)
A12: 10 | B12: =Sheet1!B12 -> 日 | C12: =IF(Sheet1!C12="","",Sheet1!C12) | D12: =IF(Sheet1!D12="","",Sheet1!D12)
A13: 11 | B13: =Sheet1!B13 -> 月 | C13: =IF(Sheet1!C13="","",Sheet1!C13) -> 0.375 | D13: =IF(Sheet1!D13="","",Sheet1!D13) -> 0.66666667
A14: 12 | B14: =Sheet1!B14 -> 火 | C14: =IF(Sheet1!C14="","",Sheet1!C14) -> 0.375 | D14: =IF(Sheet1!D14="","",Sheet1!D14) -> 0.66666667
... A31: 29 | B31: =Sheet1!B31 -> 金 | C31: =IF(Sheet1!C31="","",Sheet1!C31) -> 0.375 | D31: =IF(Sheet1!D31="","",Sheet1!D31) -> 0.66666667
A32: 30 | B32: 火 | C32: =IF(Sheet1!C32="","",Sheet1!C32) -> 0.375 | D32: =IF(Sheet1!D32="","",Sheet1!D32) -> 0.66666667
A33: 31 | B33: 水 | C33: =IF(Sheet1!C33="","",Sheet1!C33) | D33: =IF(Sheet1!D33="","",Sheet1!D33)

Sheet Sheet1 (4)
A1: =IF(Sheet1!A1="","",Sheet1!A1) -> カイト尾道 平成28年7月 | E1: 三宅 文子
A2: 日 | B2: 曜日 | C2: 送迎開始時間 | D2: 送迎終了時間 | E2: 送迎者
A3: 1 | B3: =Sheet1!B3 -> 金 | C3: =IF(Sheet1!C3="","",Sheet1!C3) -> 0.375 | D3: =IF(Sheet1!D3="","",Sheet1!D3) -> 0.66666667
A4: 2 | B4: =Sheet1!B4 -> 土 | C4: =IF(Sheet1!C4="","",Sheet1!C4) -> 0.375 | D4: =IF(Sheet1!D4="","",Sheet1!D4) -> 0.66666667
A5: 3 | B5: =Sheet1!B5 -> 日 | C5: =IF(Sheet1!C5="","",Sheet1!C5) | D5: =IF(Sheet1!D5="","",Sheet1!D5)
A6: 4 | B6: =Sheet1!B6 -> 月 | C6: =IF(Sheet1!C6="","",Sheet1!C6) -> 0.375 | D6: =IF(Sheet1!D6="","",Sheet1!D6) -> 0.66666667
A7: 5 | B7: =Sheet1!B7 -> 火 | C7: =IF(Sheet1!C7="","",Sheet1!C7) -> 0.375 | D7: =IF(Sheet1!D7="","",Sheet1!D7) -> 0.66666667
A8: 6 | B8: =Sheet1!B8 -> 水 | C8: =IF(Sheet1!C8="","",Sheet1!C8) -> 0.375 | D8: =IF(Sheet1!D8="","",Sheet1!D8) -> 0.66666667
A9: 7 | B9: =Sheet1!B9 -> 木
A10: 8 | B10: =Sheet1!B10 -> 金 | C10: =IF(Sheet1!C10="","",Sheet1!C10) -> 0.375 | D10: =IF(Sheet1!D10="","",Sheet1!D10) -> 0.66666667
A11: 9 | B11: =Sheet1!B11 -> 土 | C11: =IF(Sheet1!C11="","",Sheet1!C11) | D11: =IF(Sheet1!D11="","",Sheet1!D11)
A12: 10 | B12: =Sheet1!B12 -> 日 | C12: =IF(Sheet1!C12="","",Sheet1!C12) | D12: =IF(Sheet1!D12="","",Sheet1!D12)
A13: 11 | B13: =Sheet1!B13 -> 月 | C13: =IF(Sheet1!C13="","",Sheet1!C13) -> 0.375 | D13: =IF(Sheet1!D13="","",Sheet1!D13) -> 0.66666667
A14: 12 | B14: =Sheet1!B14 -> 火 | C14: =IF(Sheet1!C14="","",Sheet1!C14) -> 0.375 | D14: =IF(Sheet1!D14="","",Sheet1!D14) -> 0.66666667
A15: 13 | B15: =Sheet1!B15 -> 水 | C15: =IF(Sheet1!C15="","",Sheet1!C15) -> 0.375 | D15: =IF(Sheet1!D15="","",Sheet1!D15) -> 0.66666667
A16: 14 | B16: =Sheet1!B16 -> 木
A17: 15 | B17: =Sheet1!B17 -> 金 | C17: =IF(Sheet1!C17="","",Sheet1!C17) -> 0.375 | D17: =IF(Sheet1!D17="","",Sheet1!D17) -> 0.66666667
A18: 16 | B18: =Sheet1!B18 -> 土 | C18: =IF(Sheet1!C18="","",Sheet1!C18) -> 0.375 | D18: =IF(Sheet1!D18="","",Sheet1!D18) -> 0.66666667
A19: 17 | B19: =Sheet1!B19 -> 日 | C19: =IF(Sheet1!C19="","",Sheet1!C19) | D19: =IF(Sheet1!D19="","",Sheet1!D19)
A20: 18 | B20: =Sheet1!B20 -> 月 | C20: =IF(Sheet1!C20="","",Sheet1!C20) | D20: =IF(Sheet1!D20="","",Sheet1!D20)
A21: 19 | B21: =Sheet1!B21 -> 火 | C21: =IF(Sheet1!C21="","",Sheet1!C21) -> 0.375 | D21: =IF(Sheet1!D21="","",Sheet1!D21) -> 0.66666667
A22: 20 | B22: =Sheet1!B22 -> 水 | C22: =IF(Sheet1!C22="","",Sheet1!C22) -> 0.375 | D22: =IF(Sheet1!D22="","",Sheet1!D22) -> 0.66666667
A23: 21 | B23: =Sheet1!B23 -> 木
A24: 22 | B24: =Sheet1!B24 -> 金 | C24: =IF(Sheet1!C24="","",Sheet1!C24) -> 0.375 | D24: =IF(Sheet1!D24="","",Sheet1!D24) -> 0.66666667
A25: 23 | B25: =Sheet1!B25 -> 土 | C25: =IF(Sheet1!C25="","",Sheet1!C25) | D25: =IF(Sheet1!D25="","",Sheet1!D25)
A26: 24 | B26: =Sheet1!B26 -> 日 | C26: =IF(Sheet1!C26="","",Sheet1!C26) | D26: =IF(Sheet1!D26="","",Sheet1!D26)
A27: 25 | B27: =Sheet1!B27 -> 月 | C27: =IF(Sheet1!C27="","",Sheet1!C27) -> 0.375 | D27: =IF(Sheet1!D27="","",Sheet1!D27) -> 0.66666667
A28: 26 | B28: =Sheet1!B28 -> 火 | C28: =IF(Sheet1!C28="","",Sheet1!C28) -> 0.375 | D28: =IF(Sheet1!D28="","",Sheet1!D28) -> 0.66666667
A29: 27 | B29: =Sheet1!B29 -> 水 | C29: =IF(Sheet1!C29="","",Sheet1!C29) -> 0.375 | D29: =IF(Sheet1!D29="","",Sheet1!D29) -> 0.66666667
A30: 28 | B30: =Sheet1!B30 -> 木
A31: 29 | B31: =Sheet1!B31 -> 金 | C31: =IF(Sheet1!C31="","",Sheet1!C31) -> 0.375 | D31: =IF(Sheet1!D31="","",Sheet1!D31) -> 0.66666667
A32: 30 | B32: 火 | C32: =IF(Sheet1!C32="","",Sheet1!C32) -> 0.375 | D32: =IF(Sheet1!D32="","",Sheet1!D32) -> 0.66666667
A33: 31 | B33: 水 | C33: =IF(Sheet1!C33="","",Sheet1!C33) | D33: =IF(Sheet1!D33="","",Sheet1!D33)

Sheet Sheet1 (5)
A1: =IF(Sheet1!A1="","",Sheet1!A1) -> カイト尾道 平成28年7月 | E1: 山内 雄司
A2: 日 | B2: 曜日 | C2: 送迎開始時間 | D2: 送迎終了時間 | E2: 送迎者
A3: 1 | B3: =Sheet1!B3 -> 金 | C3: =IF(Sheet1!C3="","",Sheet1!C3) -> 0.375 | D3: =IF(Sheet1!D3="","",Sheet1!D3) -> 0.66666667
A4: 2 | B4: =Sheet1!B4 -> 土 | C4: =IF(Sheet1!C4="","",Sheet1!C4) -> 0.375 | D4: =IF(Sheet1!D4="","",Sheet1!D4) -> 0.66666667
A5: 3 | B5: =Sheet1!B5 -> 日 | C5: =IF(Sheet1!C5="","",Sheet1!C5) | D5: =IF(Sheet1!D5="","",Sheet1!D5)
A6: 4 | B6: =Sheet1!B6 -> 月 | C6: =IF(Sheet1!C6="","",Sheet1!C6) -> 0.375 | D6: =IF(Sheet1!D6="","",Sheet1!D6) -> 0.66666667
A7: 5 | B7: =Sheet1!B7 -> 火 | C7: =IF(Sheet1!C7="","",Sheet1!C7) -> 0.375 | D7: =IF(Sheet1!D7="","",Sheet1!D7) -> 0.66666667
A8: 6 | B8: =Sheet1!B8 -> 水 | C8: =IF(Sheet1!C8="","",Sheet1!C8) -> 0.375 | D8: =IF(Sheet1!D8="","",Sheet1!D8) -> 0.66666667
A9: 7 | B9: =Sheet1!B9 -> 木 | C9: =IF(Sheet1!C9="","",Sheet1!C9) -> 0.375 | D9: =IF(Sheet1!D9="","",Sheet1!D9) -> 0.66666667
A10: 8 | B10: =Sheet1!B10 -> 金 | C10: =IF(Sheet1!C10="","",Sheet1!C10) -> 0.375 | D10: =IF(Sheet1!D10="","",Sheet1!D10) -> 0.66666667
A11: 9 | B11: =Sheet1!B11 -> 土 | C11: =IF(Sheet1!C11="","",Sheet1!C11) | D11: =IF(Sheet1!D11="","",Sheet1!D11)
A12: 10 | B12: =Sheet1!B12 -> 日 | C12: =IF(Sheet1!C12="","",Sheet1!C12) | D12: =IF(Sheet1!D12="","",Sheet1!D12)
A13: 11 | B13: =Sheet1!B13 -> 月 | C13: =IF(Sheet1!C13="","",Sheet1!C13) -> 0.375 | D13: =IF(Sheet1!D13="","",Sheet1!D13) -> 0.66666667
A14: 12 | B14: =Sheet1!B14 -> 火 | C14: =IF(Sheet1!C14="","",Sheet1!C14) -> 0.375 | D14: =IF(Sheet1!D14="","",Sheet1!D14) -> 0.66666667
... A31: 29 | B31: =Sheet1!B31 -> 金 | C31: =IF(Sheet1!C31="","",Sheet1!C31) -> 0.375 | D31: =IF(Sheet1!D31="","",Sheet1!D31) -> 0.66666667
A32: 30 | B32: 火 | C32: =IF(Sheet1!C32="","",Sheet1!C32) -> 0.375 | D32: =IF(Sheet1!D32="","",Sheet1!D32) -> 0.66666667
A33: 31 | B33: 水 | C33: =IF(Sheet1!C33="","",Sheet1!C33) | D33: =IF(Sheet1!D33="","",Sheet1!D33)

Sheet Sheet1 (6)
A1: カイト尾道 平成28年7月 | E1: 仁井 諭
A2: 日 | B2: 曜日 | C2: 送迎開始時間 | D2: 送迎終了時間 | E2: 送迎者
A3: 1 | B3: 金 | C3: 0.375 | D3: 0.66666667
A4: 2 | B4: 土 | C4: 0.375 | D4: 0.66666667
A5: 3 | B5: 日
A6: 4 | B6: 月 | C6: 0.375 | D6: 0.66666667
A7: 5 | B7: 火 | C7: 0.375 | D7: 0.66666667
A8: 6 | B8: 水 | C8: 0.375 | D8: 0.66666667
A9: 7 | B9: 木 | C9: 0.375 | D9: 0.66666667
A10: 8 | B10: 金 | C10: 0.375 | D10: 0.66666667
A11: 9 | B11: 土
A12: 10 | B12: 日
A13: 11 | B13: 月 | C13: 0.375 | D13: 0.66666667
A14: 12 | B14: 火 | C14: 0.375 | D14: 0.66666667
A15: 13 | B15: 水 | C15: 0.375 | D15: 0.66666667
A16: 14 | B16: 木 | C16: 0.375 | D16: 0.66666667
A17: 15 | B17: 金 | C17: 0.375 | D17: 0.66666667
A18: 16 | B18: 土 | C18: 0.375 | D18: 0.66666667
A19: 17 | B19: 日
A20: 18 | B20: 月
A21: 19 | B21: 火 | C21: 0.375 | D21: 0.66666667
A22: 20 | B22: 水 | C22: 0.375 | D22: 0.66666667
A23: 21 | B23: 木 | C23: 0.375 | D23: 0.66666667
A24: 22 | B24: 金 | C24: 0.375 | D24: 0.66666667
A25: 23 | B25: 土
A26: 24 | B26: 日
A27: 25 | B27: 月 | C27: 0.375 | D27: 0.66666667
A28: 26 | B28: 火 | C28: 0.375 | D28: 0.66666667
A29: 27 | B29: 水 | C29: 0.375 | D29: 0.66666667
A30: 28 | B30: 木 | C30: 0.375 | D30: 0.66666667
A31: 29 | B31: 金 | C31: 0.375 | D31: 0.66666667
A32: 30 | B32: 土 | C32: 0.375 | D32: 0.66666667
A33: 31 | B33: 日

Sheet Sheet1 (7)
A1: =IF('Sheet1 (6)'!A1="","",'Sheet1 (6)'!A1) -> カイト尾道 平成28年7月 | E1: 山内ノリコ
A2: 日 | B2: 曜日 | C2: 送迎開始時間 | D2: 送迎終了時間 | E2: 送迎者
A3: 1 | B3: ='Sheet1 (6)'!B3 -> 金 | C3: =IF('Sheet1 (6)'!C3="","",'Sheet1 (6)'!C3) -> 0.375 | D3: =IF('Sheet1 (6)'!D3="","",'Sheet1 (6)'!D3) -> 0.66666667
A4: 2 | B4: ='Sheet1 (6)'!B4 -> 土 | C4: =IF('Sheet1 (6)'!C4="","",'Sheet1 (6)'!C4) -> 0.375 | D4: =IF('Sheet1 (6)'!D4="","",'Sheet1 (6)'!D4) -> 0.66666667
A5: 3 | B5: ='Sheet1 (6)'!B5 -> 日 | C5: =IF('Sheet1 (6)'!C5="","",'Sheet1 (6)'!C5) | D5: =IF('Sheet1 (6)'!D5="","",'Sheet1 (6)'!D5)
A6: 4 | B6: ='Sheet1 (6)'!B6 -> 月 | C6: =IF('Sheet1 (6)'!C6="","",'Sheet1 (6)'!C6) -> 0.375 | D6: =IF('Sheet1 (6)'!D6="","",'Sheet1 (6)'!D6) -> 0.66666667
A7: 5 | B7: ='Sheet1 (6)'!B7 -> 火 | C7: =IF('Sheet1 (6)'!C7="","",'Sheet1 (6)'!C7) -> 0.375 | D7: =IF('Sheet1 (6)'!D7="","",'Sheet1 (6)'!D7) -> 0.66666667
A8: 6 | B8: ='Sheet1 (6)'!B8 -> 水 | C8: =IF('Sheet1 (6)'!C8="","",'Sheet1 (6)'!C8) -> 0.375 | D8: =IF('Sheet1 (6)'!D8="","",'Sheet1 (6)'!D8) -> 0.66666667
A9: 7 | B9: ='Sheet1 (6)'!B9 -> 木 | C9: =IF('Sheet1 (6)'!C9="","",'Sheet1 (6)'!C9) -> 0.375 | D9: =IF('Sheet1 (6)'!D9="","",'Sheet1 (6)'!D9) -> 0.66666667
A10: 8 | B10: ='Sheet1 (6)'!B10 -> 金 | C10: =IF('Sheet1 (6)'!C10="","",'Sheet1 (6)'!C10) -> 0.375 | D10: =IF('Sheet1 (6)'!D10="","",'Sheet1 (6)'!D10) -> 0.66666667
A11: 9 | B11: ='Sheet1 (6)'!B11 -> 土 | C11: =IF('Sheet1 (6)'!C11="","",'Sheet1 (6)'!C11) | D11: =IF('Sheet1 (6)'!D11="","",'Sheet1 (6)'!D11)
A12: 10 | B12: ='Sheet1 (6)'!B12 -> 日 | C12: =IF('Sheet1 (6)'!C12="","",'Sheet1 (6)'!C12) | D12: =IF('Sheet1 (6)'!D12="","",'Sheet1 (6)'!D12)
A13: 11 | B13: ='Sheet1 (6)'!B13 -> 月 | C13: =IF('Sheet1 (6)'!C13="","",'Sheet1 (6)'!C13) -> 0.375 | D13: =IF('Sheet1 (6)'!D13="","",'Sheet1 (6)'!D13) -> 0.66666667
A14: 12 | B14: ='Sheet1 (6)'!B14 -> 火 | C14: =IF('Sheet1 (6)'!C14="","",'Sheet1 (6)'!C14) -> 0.375 | D14: =IF('Sheet1 (6)'!D14="","",'Sheet1 (6)'!D14) -> 0.66666667
... A31: 29 | B31: ='Sheet1 (6)'!B31 -> 金 | C31: =IF('Sheet1 (6)'!C31="","",'Sheet1 (6)'!C31) -> 0.375 | D31: =IF('Sheet1 (6)'!D31="","",'Sheet1 (6)'!D31) -> 0.66666667
A32: 30 | B32: 火 | C32: =IF('Sheet1 (6)'!C32="","",'Sheet1 (6)'!C32) -> 0.375 | D32: =IF('Sheet1 (6)'!D32="","",'Sheet1 (6)'!D32) -> 0.66666667
A33: 31 | B33: 水 | C33: =IF('Sheet1 (6)'!C33="","",'Sheet1 (6)'!C33) | D33: =IF('Sheet1 (6)'!D33="","",'Sheet1 (6)'!D33)

Sheet Sheet1 (8)
A1: =IF('Sheet1 (6)'!A1="","",'Sheet1 (6)'!A1) -> カイト尾道 平成28年7月 | E1: 岡野千代子
A2: 日 | B2: 曜日 | C2: 送迎開始時間 | D2: 送迎終了時間 | E2: 送迎者
A3: 1 | B3: ='Sheet1 (6)'!B3 -> 金 | C3: =IF('Sheet1 (6)'!C3="","",'Sheet1 (6)'!C3) -> 0.375 | D3: =IF('Sheet1 (6)'!D3="","",'Sheet1 (6)'!D3) -> 0.66666667
A4: 2 | B4: ='Sheet1 (6)'!B4 -> 土 | C4: =IF('Sheet1 (6)'!C4="","",'Sheet1 (6)'!C4) -> 0.375 | D4: =IF('Sheet1 (6)'!D4="","",'Sheet1 (6)'!D4) -> 0.66666667
A5: 3 | B5: ='Sheet1 (6)'!B5 -> 日 | C5: =IF('Sheet1 (6)'!C5="","",'Sheet1 (6)'!C5) | D5: =IF('Sheet1 (6)'!D5="","",'Sheet1 (6)'!D5)
A6: 4 | B6: ='Sheet1 (6)'!B6 -> 月 | C6: =IF('Sheet1 (6)'!C6="","",'Sheet1 (6)'!C6) -> 0.375 | D6: =IF('Sheet1 (6)'!D6="","",'Sheet1 (6)'!D6) -> 0.66666667
A7: 5 | B7: ='Sheet1 (6)'!B7 -> 火 | C7: =IF('Sheet1 (6)'!C7="","",'Sheet1 (6)'!C7) -> 0.375 | D7: =IF('Sheet1 (6)'!D7="","",'Sheet1 (6)'!D7) -> 0.66666667
A8: 6 | B8: ='Sheet1 (6)'!B8 -> 水 | C8: =IF('Sheet1 (6)'!C8="","",'Sheet1 (6)'!C8) -> 0.375 | D8: =IF('Sheet1 (6)'!D8="","",'Sheet1 (6)'!D8) -> 0.66666667
A9: 7 | B9: ='Sheet1 (6)'!B9 -> 木 | C9: =IF('Sheet1 (6)'!C9="","",'Sheet1 (6)'!C9) -> 0.375 | D9: =IF('Sheet1 (6)'!D9="","",'Sheet1 (6)'!D9) -> 0.66666667
A10: 8 | B10: ='Sheet1 (6)'!B10 -> 金 | C10: =IF('Sheet1 (6)'!C10="","",'Sheet1 (6)'!C10) -> 0.375 | D10: =IF('Sheet1 (6)'!D10="","",'Sheet1 (6)'!D10) -> 0.66666667
A11: 9 | B11: ='Sheet1 (6)'!B11 -> 土 | C11: =IF('Sheet1 (6)'!C11="","",'Sheet1 (6)'!C11) | D11: =IF('Sheet1 (6)'!D11="","",'Sheet1 (6)'!D11)
A12: 10 | B12: ='Sheet1 (6)'!B12 -> 日 | C12: =IF('Sheet1 (6)'!C12="","",'Sheet1 (6)'!C12) | D12: =IF('Sheet1 (6)'!D12="","",'Sheet1 (6)'!D12)
A13: 11 | B13: ='Sheet1 (6)'!B13 -> 月 | C13: =IF('Sheet1 (6)'!C13="","",'Sheet1 (6)'!C13) -> 0.375 | D13: =IF('Sheet1 (6)'!D13="","",'Sheet1 (6)'!D13) -> 0.66666667
A14: 12 | B14: ='Sheet1 (6)'!B14 -> 火 | C14: =IF('Sheet1 (6)'!C14="","",'Sheet1 (6)'!C14) -> 0.375 | D14: =IF('Sheet1 (6)'!D14="","",'Sheet1 (6)'!D14) -> 0.66666667
... A31: 29 | B31: ='Sheet1 (6)'!B31 -> 金 | C31: =IF('Sheet1 (6)'!C31="","",'Sheet1 (6)'!C31) -> 0.375 | D31: =IF('Sheet1 (6)'!D31="","",'Sheet1 (6)'!D31) -> 0.66666667
A32: 30 | B32: 火 | C32: =IF('Sheet1 (6)'!C32="","",'Sheet1 (6)'!C32) -> 0.375 | D32: =IF('Sheet1 (6)'!D32="","",'Sheet1 (6)'!D32) -> 0.66666667
A33: 31 | B33: 水 | C33: =IF('Sheet1 (6)'!C33="","",'Sheet1 (6)'!C33) | D33: =IF('Sheet1 (6)'!D33="","",'Sheet1 (6)'!D33)

Sheet Sheet1 (9)
A1: =IF('Sheet1 (6)'!A1="","",'Sheet1 (6)'!A1) -> カイト尾道 平成28年7月 | E1: 三宅 文子
A2: 日 | B2: 曜日 | C2: 送迎開始時間 | D2: 送迎終了時間 | E2: 送迎者
A3: 1 | B3: ='Sheet1 (6)'!B3 -> 金 | C3: =IF('Sheet1 (6)'!C3="","",'Sheet1 (6)'!C3) -> 0.375 | D3: =IF('Sheet1 (6)'!D3="","",'Sheet1 (6)'!D3) -> 0.66666667
A4: 2 | B4: ='Sheet1 (6)'!B4 -> 土 | C4: =IF('Sheet1 (6)'!C4="","",'Sheet1 (6)'!C4) -> 0.375 | D4: =IF('Sheet1 (6)'!D4="","",'Sheet1 (6)'!D4) -> 0.66666667
A5: 3 | B5: ='Sheet1 (6)'!B5 -> 日 | C5: =IF('Sheet1 (6)'!C5="","",'Sheet1 (6)'!C5) | D5: =IF('Sheet1 (6)'!D5="","",'Sheet1 (6)'!D5)
A6: 4 | B6: ='Sheet1 (6)'!B6 -> 月 | C6: =IF('Sheet1 (6)'!C6="","",'Sheet1 (6)'!C6) -> 0.375 | D6: =IF('Sheet1 (6)'!D6="","",'Sheet1 (6)'!D6) -> 0.66666667
A7: 5 | B7: ='Sheet1 (6)'!B7 -> 火 | C7: =IF('Sheet1 (6)'!C7="","",'Sheet1 (6)'!C7) -> 0.375 | D7: =IF('Sheet1 (6)'!D7="","",'Sheet1 (6)'!D7) -> 0.66666667
A8: 6 | B8: ='Sheet1 (6)'!B8 -> 水 | C8: =IF('Sheet1 (6)'!C8="","",'Sheet1 (6)'!C8) -> 0.375 | D8: =IF('Sheet1 (6)'!D8="","",'Sheet1 (6)'!D8) -> 0.66666667
A9: 7 | B9: ='Sheet1 (6)'!B9 -> 木
A10: 8 | B10: ='Sheet1 (6)'!B10 -> 金 | C10: =IF('Sheet1 (6)'!C10="","",'Sheet1 (6)'!C10) -> 0.375 | D10: =IF('Sheet1 (6)'!D10="","",'Sheet1 (6)'!D10) -> 0.66666667
A11: 9 | B11: ='Sheet1 (6)'!B11 -> 土 | C11: =IF('Sheet1 (6)'!C11="","",'Sheet1 (6)'!C11) | D11: =IF('Sheet1 (6)'!D11="","",'Sheet1 (6)'!D11)
A12: 10 | B12: ='Sheet1 (6)'!B12 -> 日 | C12: =IF('Sheet1 (6)'!C12="","",'Sheet1 (6)'!C12) | D12: =IF('Sheet1 (6)'!D12="","",'Sheet1 (6)'!D12)
A13: 11 | B13: ='Sheet1 (6)'!B13 -> 月 | C13: =IF('Sheet1 (6)'!C13="","",'Sheet1 (6)'!C13) -> 0.375 | D13: =IF('Sheet1 (6)'!D13="","",'Sheet1 (6)'!D13) -> 0.66666667
A14: 12 | B14: ='Sheet1 (6)'!B14 -> 火 | C14: =IF('Sheet1 (6)'!C14="","",'Sheet1 (6)'!C14) -> 0.375 | D14: =IF('Sheet1 (6)'!D14="","",'Sheet1 (6)'!D14) -> 0.66666667
A15: 13 | B15: ='Sheet1 (6)'!B15 -> 水 | C15: =IF('Sheet1 (6)'!C15="","",'Sheet1 (6)'!C15) -> 0.375 | D15: =IF('Sheet1 (6)'!D15="","",'Sheet1 (6)'!D15) -> 0.66666667
A16: 14 | B16: ='Sheet1 (6)'!B16 -> 木
A17: 15 | B17: ='Sheet1 (6)'!B17 -> 金 | C17: =IF('Sheet1 (6)'!C17="","",'Sheet1 (6)'!C17) -> 0.375 | D17: =IF('Sheet1 (6)'!D17="","",'Sheet1 (6)'!D17) -> 0.66666667
A18: 16 | B18: ='Sheet1 (6)'!B18 -> 土 | C18: =IF('Sheet1 (6)'!C18="","",'Sheet1 (6)'!C18) -> 0.375 | D18: =IF('Sheet1 (6)'!D18="","",'Sheet1 (6)'!D18) -> 0.66666667
A19: 17 | B19: ='Sheet1 (6)'!B19 -> 日 | C19: =IF('Sheet1 (6)'!C19="","",'Sheet1 (6)'!C19) | D19: =IF('Sheet1 (6)'!D19="","",'Sheet1 (6)'!D19)
A20: 18 | B20: ='Sheet1 (6)'!B20 -> 月 | C20: =IF('Sheet1 (6)'!C20="","",'Sheet1 (6)'!C20) | D20: =IF('Sheet1 (6)'!D20="","",'Sheet1 (6)'!D20)
A21: 19 | B21: ='Sheet1 (6)'!B21 -> 火 | C21: =IF('Sheet1 (6)'!C21="","",'Sheet1 (6)'!C21) -> 0.375 | D21: =IF('Sheet1 (6)'!D21="","",'Sheet1 (6)'!D21) -> 0.66666667
A22: 20 | B22: ='Sheet1 (6)'!B22 -> 水 | C22: =IF('Sheet1 (6)'!C22="","",'Sheet1 (6)'!C22) -> 0.375 | D22: =IF('Sheet1 (6)'!D22="","",'Sheet1 (6)'!D22) -> 0.66666667
A23: 21 | B23: ='Sheet1 (6)'!B23 -> 木
A24: 22 | B24: ='Sheet1 (6)'!B24 -> 金 | C24: =IF('Sheet1 (6)'!C24="","",'Sheet1 (6)'!C24) -> 0.375 | D24: =IF('Sheet1 (6)'!D24="","",'Sheet1 (6)'!D24) -> 0.66666667
A25: 23 | B25: ='Sheet1 (6)'!B25 -> 土 | C25: =IF('Sheet1 (6)'!C25="","",'Sheet1 (6)'!C25) | D25: =IF('Sheet1 (6)'!D25="","",'Sheet1 (6)'!D25)
A26: 24 | B26: ='Sheet1 (6)'!B26 -> 日 | C26: =IF('Sheet1 (6)'!C26="","",'Sheet1 (6)'!C26) | D26: =IF('Sheet1 (6)'!D26="","",'Sheet1 (6)'!D26)
A27: 25 | B27: ='Sheet1 (6)'!B27 -> 月 | C27: =IF('Sheet1 (6)'!C27="","",'Sheet1 (6)'!C27) -> 0.375 | D27: =IF('Sheet1 (6)'!D27="","",'Sheet1 (6)'!D27) -> 0.66666667
A28: 26 | B28: ='Sheet1 (6)'!B28 -> 火 | C28: =IF('Sheet1 (6)'!C28="","",'Sheet1 (6)'!C28) -> 0.375 | D28: =IF('Sheet1 (6)'!D28="","",'Sheet1 (6)'!D28) -> 0.66666667
A29: 27 | B29: ='Sheet1 (6)'!B29 -> 水 | C29: =IF('Sheet1 (6)'!C29="","",'Sheet1 (6)'!C29) -> 0.375 | D29: =IF('Sheet1 (6)'!D29="","",'Sheet1 (6)'!D29) -> 0.66666667
A30: 28 | B30: ='Sheet1 (6)'!B30 -> 木
A31: 29 | B31: ='Sheet1 (6)'!B31 -> 金 | C31: =IF('Sheet1 (6)'!C31="","",'Sheet1 (6)'!C31) -> 0.375 | D31: =IF('Sheet1 (6)'!D31="","",'Sheet1 (6)'!D31) -> 0.66666667
A32: 30 | B32: 火 | C32: =IF('Sheet1 (6)'!C32="","",'Sheet1 (6)'!C32) -> 0.375 | D32: =IF('Sheet1 (6)'!D32="","",'Sheet1 (6)'!D32) -> 0.66666667
A33: 31 | B33: 水 | C33: =IF('Sheet1 (6)'!C33="","",'Sheet1 (6)'!C33) | D33: =IF('Sheet1 (6)'!D33="","",'Sheet1 (6)'!D33)

Sheet Sheet1 (10)
A1: =IF('Sheet1 (6)'!A1="","",'Sheet1 (6)'!A1) -> カイト尾道 平成28年7月 | E1: 山内 雄司
A2: 日 | B2: 曜日 | C2: 送迎開始時間 | D2: 送迎終了時間 | E2: 送迎者
A3: 1 | B3: ='Sheet1 (6)'!B3 -> 金 | C3: =IF('Sheet1 (6)'!C3="","",'Sheet1 (6)'!C3) -> 0.375 | D3: =IF('Sheet1 (6)'!D3="","",'Sheet1 (6)'!D3) -> 0.66666667
A4: 2 | B4: ='Sheet1 (6)'!B4 -> 土 | C4: =IF('Sheet1 (6)'!C4="","",'Sheet1 (6)'!C4) -> 0.375 | D4: =IF('Sheet1 (6)'!D4="","",'Sheet1 (6)'!D4) -> 0.66666667
A5: 3 | B5: ='Sheet1 (6)'!B5 -> 日 | C5: =IF('Sheet1 (6)'!C5="","",'Sheet1 (6)'!C5) | D5: =IF('Sheet1 (6)'!D5="","",'Sheet1 (6)'!D5)
A6: 4 | B6: ='Sheet1 (6)'!B6 -> 月 | C6: =IF('Sheet1 (6)'!C6="","",'Sheet1 (6)'!C6) -> 0.375 | D6: =IF('Sheet1 (6)'!D6="","",'Sheet1 (6)'!D6) -> 0.66666667
A7: 5 | B7: ='Sheet1 (6)'!B7 -> 火 | C7: =IF('Sheet1 (6)'!C7="","",'Sheet1 (6)'!C7) -> 0.375 | D7: =IF('Sheet1 (6)'!D7="","",'Sheet1 (6)'!D7) -> 0.66666667
A8: 6 | B8: ='Sheet1 (6)'!B8 -> 水 | C8: =IF('Sheet1 (6)'!C8="","",'Sheet1 (6)'!C8) -> 0.375 | D8: =IF('Sheet1 (6)'!D8="","",'Sheet1 (6)'!D8) -> 0.66666667
A9: 7 | B9: ='Sheet1 (6)'!B9 -> 木 | C9: =IF('Sheet1 (6)'!C9="","",'Sheet1 (6)'!C9) -> 0.375 | D9: =IF('Sheet1 (6)'!D9="","",'Sheet1 (6)'!D9) -> 0.66666667
A10: 8 | B10: ='Sheet1 (6)'!B10 -> 金 | C10: =IF('Sheet1 (6)'!C10="","",'Sheet1 (6)'!C10) -> 0.375 | D10: =IF('Sheet1 (6)'!D10="","",'Sheet1 (6)'!D10) -> 0.66666667
A11: 9 | B11: ='Sheet1 (6)'!B11 -> 土 | C11: =IF('Sheet1 (6)'!C11="","",'Sheet1 (6)'!C11) | D11: =IF('Sheet1 (6)'!D11="","",'Sheet1 (6)'!D11)
A12: 10 | B12: ='Sheet1 (6)'!B12 -> 日 | C12: =IF('Sheet1 (6)'!C12="","",'Sheet1 (6)'!C12) | D12: =IF('Sheet1 (6)'!D12="","",'Sheet1 (6)'!D12)
A13: 11 | B13: ='Sheet1 (6)'!B13 -> 月 | C13: =IF('Sheet1 (6)'!C13="","",'Sheet1 (6)'!C13) -> 0.375 | D13: =IF('Sheet1 (6)'!D13="","",'Sheet1 (6)'!D13) -> 0.66666667
A14: 12 | B14: ='Sheet1 (6)'!B14 -> 火 | C14: =IF('Sheet1 (6)'!C14="","",'Sheet1 (6)'!C14) -> 0.375 | D14: =IF('Sheet1 (6)'!D14="","",'Sheet1 (6)'!D14) -> 0.66666667
... A31: 29 | B31: ='Sheet1 (6)'!B31 -> 金 | C31: =IF('Sheet1 (6)'!C31="","",'Sheet1 (6)'!C31) -> 0.375 | D31: =IF('Sheet1 (6)'!D31="","",'Sheet1 (6)'!D31) -> 0.66666667
A32: 30 | B32: 火 | C32: =IF('Sheet1 (6)'!C32="","",'Sheet1 (6)'!C32) -> 0.375 | D32: =IF('Sheet1 (6)'!D32="","",'Sheet1 (6)'!D32) -> 0.66666667
A33: 31 | B33: 水 | C33: =IF('Sheet1 (6)'!C33="","",'Sheet1 (6)'!C33) | D33: =IF('Sheet1 (6)'!D33="","",'Sheet1 (6)'!D33)
